0,c0:ac:54:f5:b4:c9,HOTBOX-D88A,2412,-92,32.17224246,34.81444894,7.777438959,01/12/2017 10:42,Approx. w-center algo1
1,b4:ee:b4:86:c0:f1,Efrat,2462,-74,32.17223802,34.81444473,10.58036115,01/12/2017 10:43,Approx. w-center algo1
2,80:1f:02:f5:d8:e8,angela,2412,-89,32.17225202,34.81439189,17.18081812,01/12/2017 10:43,Approx. w-center algo1
3,14:ae:db:cc:ed:6d,KarvatB0.5,5240,-89,32.17226522,34.81421445,22.81899152,01/12/2017 10:43,Approx. w-center algo1
4,6c:b0:ce:ac:32:9b,dobry2016,2412,-69,32.17238059,34.81341291,25.13092549,01/12/2017 10:43,Approx. w-center algo1
5,80:26:89:0d:4f:84,DIR-825-4f83,2412,-57,32.17244042,34.81295646,26.358519169999997,01/12/2017 10:43,Approx. w-center algo1
6,a0:ab:1b:5d:c2:60,urigil1,2457,-90,32.17240151,34.81209188,29.03570911,01/12/2017 10:43,Approx. w-center algo1
7,54:64:d9:66:29:ef,U2I8L1M0X42,2462,-85,32.17217553,34.81201239,29.324181630000005,01/12/2017 10:44,Approx. w-center algo1
8,8c:59:c3:ea:db:4a,Liza,2412,-78,32.17188758,34.81190852,29.63853148,01/12/2017 10:44,Approx. w-center algo1
9,c0:ac:54:f5:b7:f2,donush,2412,-87,32.1713402,34.81169556,29.78929958,01/12/2017 10:44,Approx. w-center algo1
10,d8:fb:5e:17:1b:d6,DAVID,2462,-92,32.1711391,34.81159471,29.49858976,01/12/2017 10:44,Approx. w-center algo1
11,84:16:f9:d7:2c:3a,TP-LINK_2C3A,2412,-90,32.17094199,34.81148871,29.24753475,01/12/2017 10:44,Approx. w-center algo1
12,00:13:d4:0f:f3:ba,home,2412,-77,32.17073022,34.81136052,28.85181056,01/12/2017 10:44,Approx. w-center algo1
13,e4:d3:f1:9a:81:60,rdk,2472,-85,32.1705249,34.8112437,28.48330591,01/12/2017 10:44,Approx. w-center algo1
14,58:b6:33:34:81:a8,RDK,2412,-85,32.1705249,34.8112437,28.48330591,01/12/2017 10:44,Approx. w-center algo1
15,58:b6:33:34:ae:f8,RDK,2462,-85,32.1705249,34.8112437,28.48330591,01/12/2017 10:44,Approx. w-center algo1
16,40:9b:cd:11:2f:88,dlink,5220,-92,32.1705249,34.8112437,28.48330591,01/12/2017 10:44,Approx. w-center algo1
17,20:0c:c8:1d:c8:2c,Neeman2.4_5,5300,-89,32.17005047,34.81100762,28.28929069,01/12/2017 10:44,Approx. w-center algo1
18,c0:ac:54:f7:27:42,HOTBOX-2E6E,2462,-89,32.16984101,34.81092359,28.20187075,01/12/2017 10:44,Approx. w-center algo1
19,74:da:38:a9:24:17,edimax_2.4G_A92417,2422,-75,32.16930329,34.81071393,27.82938003,01/12/2017 10:44,Approx. w-center algo1
20,ec:08:6b:38:0d:dd,RS_GUEST,2467,-85,32.16882317,34.81054405,27.11526685,01/12/2017 10:44,Approx. w-center algo1
21,ec:08:6b:38:0d:dc,RS_GUEST_5G,5220,-89,32.16882317,34.81054405,27.11526685,01/12/2017 10:44,Approx. w-center algo1
22,c8:d3:ff:57:60:f5,DIRECT-F4-HP DeskJet 3830 series,2412,-89,32.16882317,34.81054405,27.11526685,01/12/2017 10:44,Approx. w-center algo1
23,ec:8c:a2:09:dd:4c,LRWN,5220,-70,32.1688461,34.81178747,28.29109854,01/12/2017 10:45,Approx. w-center algo1
24,a0:ab:1b:62:0d:fc,klaiman,2417,-78,32.17025776,34.81246927,26.042709340000002,01/12/2017 10:45,Approx. w-center algo1
25,20:0c:c8:0a:ef:2a,SHAHAF2.4,2462,-82,32.17198535,34.81299604,26.59308527,01/12/2017 10:46,Approx. w-center algo1
26,d8:fb:5e:17:47:f8,sellahome,2452,-73,32.17243468,34.81311269,26.95797609,01/12/2017 10:46,Approx. w-center algo1
27,74:da:38:14:1f:8d,sellahome_2EX,2452,-82,32.17241727,34.81315388,44.0,2017-12-01 10:43:37,Approx. w-center algo1
28,10:0d:7f:80:17:80,ELDAD,2462,-73,32.17246651,34.81278713,48.0,2017-12-01 10:43:43,Approx. w-center algo1
29,06:ae:db:c1:ad:7d,BezeqFree,2412,-87,32.17246651,34.81278713,48.0,2017-12-01 10:43:43,Approx. w-center algo1
30,80:1f:02:e8:b9:cc,Eldad_2EX,2462,-81,32.1724962,34.81260015,47.0,2017-12-01 10:43:46,Approx. w-center algo1
31,30:b5:c2:6e:12:d4,HOTBOX1234,2412,-88,32.1724962,34.81260015,47.0,2017-12-01 10:43:46,Approx. w-center algo1
32,50:c7:bf:36:df:98,Gil-Up,2417,-89,32.17230828,34.81204165,48.0,2017-12-01 10:43:58,Approx. w-center algo1
33,7c:b7:33:97:35:f1,U2I8L1M0X42,2412,-73,32.17212193,34.81196568,47.0,2017-12-01 10:44:01,Approx. w-center algo1
34,6c:b0:ce:2f:43:36,Hilush111,2412,-92,32.1716947,34.81179424,42.0,2017-12-01 10:44:07,Approx. w-center algo1
35,7c:b7:33:a1:7e:98,HOTFiber-A53E,2437,-79,32.17044716,34.81116946,39.0,2017-12-01 10:44:31,Approx. w-center algo1
36,6a:0c:c8:1d:c8:28,Bezeq Free F026CC,2412,-81,32.16988722,34.81091198,37.0,2017-12-01 10:44:40,Approx. w-center algo1
37,fc:15:b4:65:09:20,HP-Print-20-Deskjet 4640 series,2412,-83,32.16988722,34.81091198,37.0,2017-12-01 10:44:40,Approx. w-center algo1
38,d8:fb:5e:17:62:4d,HOTBOX12,2412,-87,32.16988722,34.81091198,37.0,2017-12-01 10:44:40,Approx. w-center algo1
39,74:da:3a:97:66:9e,oved-main,2437,-87,32.16988722,34.81091198,37.0,2017-12-01 10:44:40,Approx. w-center algo1
40,30:b5:c2:e0:55:9c,Alpha125,2437,-82,32.16968089,34.81083325,37.0,2017-12-01 10:44:43,Approx. w-center algo1
41,d0:d4:12:65:19:a2,netbox,2412,-96,32.1692751,34.81066887,38.0,2017-12-01 10:44:49,Approx. w-center algo1
42,18:d6:c7:fb:1c:0e,Oberyn Martell,2447,-79,32.16883715,34.81052111,38.0,2017-12-01 10:44:56,Approx. w-center algo1
43,cc:b2:55:e8:4c:e6,INGENEO,2437,-87,32.16883715,34.81052111,38.0,2017-12-01 10:44:56,Approx. w-center algo1
44,00:f6:63:15:58:80,kaymeraQA,2412,-82,32.16872739,34.81060785,38.0,2017-12-01 10:44:59,Approx. w-center algo1
45,00:25:86:b1:6f:f8,A-Home,2437,-81,32.16870873,34.81074499,37.0,2017-12-01 10:45:01,Approx. w-center algo1
46,ec:8c:a2:08:a4:5c,LRWN,5260,-69,32.16877222,34.81164041,36.0,2017-12-01 10:45:11,Approx. w-center algo1
47,70:4c:a5:20:be:18,SE-WiFi-Employees,2412,-94,32.16898017,34.81188912,37.0,2017-12-01 10:45:16,Approx. w-center algo1
48,00:26:5a:10:b7:0a,Einav_1,2437,-82,32.16940316,34.81209444,40.0,2017-12-01 10:45:23,Approx. w-center algo1
49,08:ea:44:74:4b:d5,Nehalem_ISR,2412,-92,32.16958729,34.81218021,40.0,2017-12-01 10:45:26,Approx. w-center algo1
50,14:ae:db:b2:5f:05,mazia,2412,-87,32.16977119,34.81225463,40.0,2017-12-01 10:45:29,Approx. w-center algo1
51,00:26:5a:69:94:e3,TUCHLER,2437,-81,32.16994827,34.81233913,41.0,2017-12-01 10:45:32,Approx. w-center algo1
52,74:da:38:14:4b:88,landau,2462,-81,32.16994827,34.81233913,41.0,2017-12-01 10:45:32,Approx. w-center algo1
53,74:da:38:a9:1c:df,"  InnovationEndeavors",2417,-83,32.16994827,34.81233913,41.0,2017-12-01 10:45:32,Approx. w-center algo1
54,00:21:63:4d:73:31,Astra,2437,-86,32.16994827,34.81233913,41.0,2017-12-01 10:45:32,Approx. w-center algo1
55,14:cc:20:76:b8:2a,Oded,2462,-65,32.17086052,34.8127604,41.0,2017-12-01 10:45:47,Approx. w-center algo1
56,00:12:2a:e1:6c:4c,Oded 5Ghz,5240,-82,32.17201156,34.81299553,38.0,2017-12-01 10:46:05,Approx. w-center algo1
57,00:78:9e:fa:0e:5c,Miller,2412,-78,32.17240104,34.81314461,44.0,2017-12-01 10:46:14,Approx. w-center algo1
58,6c:b0:ce:ac:32:9c,dobry2016_5,5300,-89,32.17232792,34.81365654,42.0,2017-12-01 10:46:23,Approx. w-center algo1
59,10:5a:f7:0f:d5:32,Zvi_2.4,2462,-91,32.17228106,34.81440381,51.0,2017-12-01 10:49:21,Approx. w-center algo1
60,62:ee:0c:3d:eb:b9,BezeqFree,2452,-88,32.17227827,34.81413625,45.0,2017-12-01 10:49:42,Approx. w-center algo1
61,b0:b2:8f:01:ad:fe,Lahav,2462,-73,32.17234589,34.81367079,44.00000000000001,2017-12-01 10:49:51,Approx. w-center algo1
62,06:ae:db:ba:1e:85,BezeqFree,2462,-76,32.1724094,34.81316731,41.0,2017-12-01 10:50:00,Approx. w-center algo1
63,14:ae:db:ba:1e:85,GuyHila,2462,-76,32.1724094,34.81316731,41.0,2017-12-01 10:50:00,Approx. w-center algo1
64,60:e3:27:e8:41:e8,Mevohot_3,2462,-80,32.1724094,34.81316731,41.0,2017-12-01 10:50:00,Approx. w-center algo1
65,fc:75:16:55:27:fa,BS-WIFI-4EVER,2437,-94,32.17250306,34.81263803,42.0,2017-12-01 10:50:09,Approx. w-center algo1
66,3c:52:82:af:42:75,DIRECT-74-HP DeskJet 4670 series,2412,-59,32.17253375,34.81242662,42.0,2017-12-01 10:50:12,Approx. w-center algo1
67,08:97:58:32:d2:98,NIPPON_3687,2417,-79,32.17254538,34.81222007,42.0,2017-12-01 10:50:15,Approx. w-center algo1
68,c4:12:f5:85:27:c1,varda_HD,5300,-88,32.17226944,34.81201158,41.0,2017-12-01 10:50:21,Approx. w-center algo1
69,54:b8:0a:34:68:90,Shani - Green,2437,-89,32.17190615,34.81187369,37.0,2017-12-01 10:50:27,Approx. w-center algo1
70,c4:a8:1d:12:df:c5,maya salon,2412,-89,32.17134232,34.81165241,37.0,2017-12-01 10:50:36,Approx. w-center algo1
71,52:a8:1d:12:df:c4,@Cafe,2412,-92,32.17134232,34.81165241,37.0,2017-12-01 10:50:36,Approx. w-center algo1
72,00:c0:02:0a:c6:c2,luxynet,2442,-93,32.17134232,34.81165241,37.0,2017-12-01 10:50:36,Approx. w-center algo1
73,48:ee:0c:3c:30:1e,Gana7,2432,-93,32.1708157,34.81137225,32.0,2017-12-01 10:50:45,Approx. w-center algo1
74,c4:a8:1d:13:2a:95,Eric 2.4,2412,-87,32.1699948,34.81094348,29.0,2017-12-01 10:50:58,Approx. w-center algo1
75,74:da:38:97:66:9d,oved-main_2EX,2437,-77,32.16983611,34.81088834,28.0,2017-12-01 10:51:01,Approx. w-center algo1
76,a0:8e:78:7f:2a:69,HOTBOX12,2412,-87,32.16983611,34.81088834,28.0,2017-12-01 10:51:01,Approx. w-center algo1
77,c0:ac:54:f8:6b:28,Li,2412,-80,32.16970224,34.81083489,27.0,2017-12-01 10:51:04,Approx. w-center algo1
78,62:ee:0c:39:f9:16,BezeqFree,2432,-84,32.16948516,34.81076003,23.0,2017-12-01 10:51:10,Approx. w-center algo1
79,48:ee:0c:39:f9:15,Ronizyc1,2432,-85,32.16948516,34.81076003,23.0,2017-12-01 10:51:10,Approx. w-center algo1
80,c8:d7:19:d4:7c:73,forestisthebest,2437,-93,32.16937301,34.81072683,27.0,2017-12-01 10:51:19,Approx. w-center algo1
81,c8:d7:19:d4:7c:75,forestisthebest-guest,2437,-94,32.16936666,34.81070436,31.0,2017-12-01 10:52:13,Approx. w-center algo1
82,74:da:38:a9:24:1c,edimax_5G_A9241C,5200,-79,32.16938116,34.81071282,32.0,2017-12-01 10:52:43,Approx. w-center algo1
83,62:be:f5:40:26:83,BezeqFree,2457,-96,32.16935676,34.81068889,29.0,2017-12-01 10:55:10,Approx. w-center algo1
84,34:36:3b:c2:be:b8,Home,2462,-91,32.16923806,34.81066982,25.0,2017-12-01 10:55:46,Approx. w-center algo1
85,10:be:f5:40:26:82,Home,2457,-89,32.16916884,34.81065234,31.000000000000004,2017-12-01 10:56:21,Approx. w-center algo1
86,f8:ab:05:46:de:55,Levy,2457,-85,32.16876228,34.81066791,31.0,2017-12-01 10:57:04,Approx. w-center algo1
87,ec:8c:a2:09:dd:48,LRWN,2462,-59,32.16885258,34.81180676,32.0,2017-12-01 10:57:19,Approx. w-center algo1
88,20:0c:c8:2b:2a:14,nina,2462,-67,32.16960197,34.81229045,33.0,2017-12-01 10:57:37,Approx. w-center algo1
89,80:1f:02:36:04:d0,arama,2462,-67,32.16957574,34.81265851,32.0,2017-12-01 10:57:43,Approx. w-center algo1
90,e0:ce:c3:23:12:30,HOTFiber arama,2412,-76,32.16957574,34.81265851,32.0,2017-12-01 10:57:43,Approx. w-center algo1
91,00:30:4f:91:38:b3,hilda,2437,-73,32.1696487,34.81343376,35.0,2017-12-01 10:57:55,Approx. w-center algo1
92,52:0d:7f:83:6c:ff,Bezeq Free 836CFE,2462,-90,32.1696487,34.81343376,35.0,2017-12-01 10:57:55,Approx. w-center algo1
93,10:0d:7f:83:6c:fe,NETGEAR_DGN2200,2462,-93,32.1696487,34.81343376,35.0,2017-12-01 10:57:55,Approx. w-center algo1
94,90:8d:78:54:d9:69,Ab,2457,-95,32.1696487,34.81343376,35.0,2017-12-01 10:57:55,Approx. w-center algo1
95,48:ee:0c:3b:ac:5a,kawasaki,2462,-75,32.16981779,34.81346387,35.0,2017-12-01 10:57:58,Approx. w-center algo1
96,62:ee:0c:3b:ac:5b,Bezeq Free,2462,-75,32.16981779,34.81346387,35.0,2017-12-01 10:57:58,Approx. w-center algo1
97,d0:d4:12:64:05:12,shmulik,2462,-80,32.17004926,34.81351135,36.0,2017-12-01 10:58:02,Approx. w-center algo1
98,28:f3:66:9d:dc:cb,Pantum-AP-9DDCCB,2462,-84,32.17021581,34.81353649,37.0,2017-12-01 10:58:05,Approx. w-center algo1
99,e8:cc:18:ac:1a:52,Daizad,2442,-72,32.17039308,34.81356425,37.0,2017-12-01 10:58:08,Approx. w-center algo1
100,16:0c:c3:ee:27:39,Is,2437,-83,32.17039308,34.81356425,37.0,2017-12-01 10:58:08,Approx. w-center algo1
101,18:1e:78:86:03:15,HOTBOX-F028,2412,-61,32.17057165,34.81358945,39.0,2017-12-01 10:58:11,Approx. w-center algo1
102,c0:ac:54:f7:42:60,HOTBOX,2412,-82,32.17076265,34.81362514,40.0,2017-12-01 10:58:14,Approx. w-center algo1
103,04:a1:51:e0:5f:ee,MNP_HOME_2.4GHz_1,2437,-81,32.1710485,34.81352307,40.0,2017-12-01 10:58:20,Approx. w-center algo1
104,00:12:2a:d2:0c:38,test012,2412,-87,32.1710485,34.81352307,40.0,2017-12-01 10:58:20,Approx. w-center algo1
105,a0:4f:d4:45:1f:a1,nurit,2412,-74,32.17108533,34.81312098,40.0,2017-12-01 10:58:26,Approx. w-center algo1
106,f8:ab:05:e9:6d:3d,yotam17,2457,-75,32.17108533,34.81312098,40.0,2017-12-01 10:58:26,Approx. w-center algo1
107,7c:b7:33:ea:b8:ff,yotam17,2457,-93,32.17110218,34.81293682,39.0,2017-12-01 10:58:29,Approx. w-center algo1
108,00:1c:10:09:4f:bc,hot,2422,-71,32.17041608,34.81251639,41.0,2017-12-01 10:58:44,Approx. w-center algo1
109,74:da:38:c6:57:9b,edimax.setup,2452,-71,32.17027834,34.81274376,40.0,2017-12-01 10:58:50,Approx. w-center algo1
110,84:16:f9:e4:e3:ca,TP-LINK_E3CA,2452,-77,32.17027834,34.81274376,40.0,2017-12-01 10:58:50,Approx. w-center algo1
111,c0:ac:54:f8:6c:8a,amnon,2437,-78,32.17065401,34.81360361,47.0,2017-12-01 10:59:11,Approx. w-center algo1
112,a8:c8:3a:35:b6:d4,Partner-4G-B6D4,2412,-92,32.17103853,34.81359455,43.0,2017-12-01 10:59:17,Approx. w-center algo1
113,90:8d:78:54:22:a1,tal2,5300,-78,32.17109229,34.81313135,41.0,2017-12-01 10:59:23,Approx. w-center algo1
114,14:cc:20:09:3c:b9,sirocco_2.4o,2462,-83,32.17110715,34.81295,41.0,2017-12-01 10:59:26,Approx. w-center algo1
115,a4:2b:b0:d4:55:38,motti-5ghz,5200,-88,32.17074693,34.8126719,38.0,2017-12-01 10:59:35,Approx. w-center algo1
116,d4:6e:0e:3c:44:e1,SIEMENS_LivingRoom,2412,-77,32.17013195,34.81237323,40.0,2017-12-01 10:59:44,Approx. w-center algo1
117,00:14:bf:42:7e:96,hot,2452,-83,32.17013195,34.81237323,40.0,2017-12-01 10:59:44,Approx. w-center algo1
118,18:d6:c7:97:bd:2a,hot,2462,-86,32.17013195,34.81237323,40.0,2017-12-01 10:59:44,Approx. w-center algo1
119,d4:7b:b0:79:65:fc,landau,2462,-89,32.16992123,34.81226934,40.0,2017-12-01 10:59:47,Approx. w-center algo1
120,94:57:a5:4b:4f:41,DIRECT-1C-HP DeskJet 3830 series,2437,-77,32.16969314,34.81217399,40.0,2017-12-01 10:59:50,Approx. w-center algo1
121,06:ae:db:48:af:4d,BezeqFree,2452,-90,32.16969314,34.81217399,40.0,2017-12-01 10:59:50,Approx. w-center algo1
122,82:2a:a8:bf:94:29,Home,2462,-70,32.16928044,34.81198781,37.0,2017-12-01 10:59:56,Approx. w-center algo1
123,c0:ff:d4:7b:82:30,Candan,2412,-86,32.16907948,34.81188495,38.0,2017-12-01 10:59:59,Approx. w-center algo1
124,f8:d1:11:b8:3b:7e,Mehta_Up,2437,-86,32.16887831,34.8118695,35.0,2017-12-01 11:00:05,Approx. w-center algo1
125,14:cc:20:da:ab:9a,Fuck Off,2462,-77,32.16902986,34.81190459,33.0,2017-12-01 11:00:19,Approx. w-center algo1
126,82:2a:a8:bf:93:e5,Home,2412,-85,32.16942426,34.81209986,36.0,2017-12-01 11:00:25,Approx. w-center algo1
127,d0:d4:12:5e:db:f2,Siemens,2462,-82,32.17010919,34.81240174,38.0,2017-12-01 11:00:34,Approx. w-center algo1
128,5a:ab:1b:62:0d:fd,BezeqFree,2417,-82,32.17010919,34.81240174,38.0,2017-12-01 11:00:34,Approx. w-center algo1
129,8c:dc:d4:6a:a9:8a,HP-Print-8A-Deskjet 4640 series,2462,-84,32.17010919,34.81240174,38.0,2017-12-01 11:00:34,Approx. w-center algo1
130,c4:04:15:64:e8:cc,Gillad-1_2.4,2462,-77,32.17053537,34.81259485,37.0,2017-12-01 11:00:40,Approx. w-center algo1
131,a4:2b:b0:d4:55:36,Motti11,2437,-74,32.17100176,34.81280707,37.0,2017-12-01 11:00:49,Approx. w-center algo1
132,e8:d1:1b:72:74:81,HOTBOX-747B,2412,-91,32.1718612,34.81297848,39.0,2017-12-01 11:01:01,Approx. w-center algo1
133,a4:2b:b0:ad:2d:34,lellouche,2432,-82,32.17235589,34.81368604,36.0,2017-12-01 11:01:19,Approx. w-center algo1
134,80:1f:02:d4:9a:92,Ben-Eliyahu_PC,2457,-92,32.17230215,34.81400233,37.0,2017-12-01 11:01:23,Approx. w-center algo1
135,40:65:a3:35:4c:c4,Efrat,2412,-75,32.17218268216534,34.81446401702757,13.65040888895076,2017-12-01 10:49:08,Approx. w-center algo1
136,08:97:58:32:69:c6,Volvo247,2427,-81,32.172209259560766,34.814448298318844,15.376435938028058,2017-12-01 10:49:14,Approx. w-center algo1
137,00:12:2a:35:c8:7c,Chakir,2412,-86,32.17228483399432,34.814036899369874,30.59005383029067,2017-12-01 10:49:44,Approx. w-center algo1
138,20:0c:c8:1b:a2:48,Mevohot_1,2437,-70,32.172382685741084,34.81336124587249,31.34185373223523,2017-12-01 10:49:56,Approx. w-center algo1
139,00:78:9e:f9:e8:58,Hotbox,2462,-91,32.1725225188478,34.81247911919242,31.65132309930995,2017-12-01 10:50:11,Approx. w-center algo1
140,a0:ab:1b:57:cd:42,Helen.,2457,-74,32.17229408710547,34.812042356198646,31.564860016164797,2017-12-01 10:50:20,Approx. w-center algo1
141,c4:04:15:60:6a:b5,Ben Ami_2.4,2462,-73,32.171728186062275,34.8118405837912,31.304450332777215,2017-12-01 10:50:29,Approx. w-center algo1
142,3c:1e:04:07:2a:ff,ronkla2_5,5240,-85,32.17135803478369,34.81168874408503,31.090525572576983,2017-12-01 10:50:35,Approx. w-center algo1
143,c4:12:f5:fb:c0:3e,mika1,2412,-77,32.17117720998362,34.811600945951724,30.92205515278031,2017-12-01 10:50:38,Approx. w-center algo1
144,64:d9:54:e4:95:37,Gana7_2GExt,2432,-88,32.17061250500982,34.81130191879183,30.49189808903073,2017-12-01 10:50:47,Approx. w-center algo1
145,14:ae:db:b7:99:2d,Guymic,2437,-78,32.1704220061369,34.811205413681165,30.648087593734655,2017-12-01 10:50:50,Approx. w-center algo1
146,30:d3:2d:37:20:f4,devolo-0f4,2437,-80,32.170053389171805,34.81099874038432,30.62659341727973,2017-12-01 10:50:56,Approx. w-center algo1
147,00:78:9e:fb:1e:09,HOTBOX-4D4E,2412,-91,32.170053389171805,34.81099874038432,30.62659341727973,2017-12-01 10:50:56,Approx. w-center algo1
148,20:0c:c8:1d:c8:2b,Neeman2.4,2412,-78,32.16988410573102,34.81092582224991,30.446072012812692,2017-12-01 10:50:59,Approx. w-center algo1
149,74:da:38:c3:12:45,Liliup,2417,-88,32.169491346626565,34.81077184677352,30.418708757918328,2017-12-01 10:51:08,Approx. w-center algo1
150,20:0c:c8:0f:21:93,ELCHARAR_2.4,2412,-89,32.169491346626565,34.81077184677352,30.418708757918328,2017-12-01 10:51:08,Approx. w-center algo1
151,10:fe:ed:74:fc:46,Alpha125,2412,-90,32.169491346626565,34.81077184677352,30.418708757918328,2017-12-01 10:51:08,Approx. w-center algo1
152,ac:f1:df:76:a0:9c,dlink-A09C,2462,-91,32.16939849690679,34.81074036189685,30.417555185780614,2017-12-01 10:51:11,Approx. w-center algo1
153,c8:d7:19:da:03:16,forestisthebest,2437,-54,32.16935940800852,34.81072496254775,30.40255871721028,2017-12-01 10:51:26,Approx. w-center algo1
154,00:f6:63:15:58:81,KaymeraDev,2412,-78,32.16935940800852,34.81072496254775,29.548431945777384,2017-12-01 10:53:44,Approx. w-center algo1
155,7c:b7:33:2b:c4:52,spielman,2412,-73,32.16935940800852,34.81072496254775,29.526404101045063,2017-12-01 10:53:47,Approx. w-center algo1
156,7c:03:4c:fe:f6:68,evanson,2412,-80,32.16935940800852,34.81072496254775,29.378351155752636,2017-12-01 10:54:11,Approx. w-center algo1
157,c0:a0:bb:cb:59:5b,BezeqNGN_001489_2.4GHz_1,2412,-68,32.16935940800852,34.81072496254775,29.326111975136897,2017-12-01 10:54:23,Approx. w-center algo1
158,74:da:39:54:b8:1d,oved-main,2437,-64,32.16935940800852,34.81072496254775,29.2667725415671,2017-12-01 10:54:41,Approx. w-center algo1
159,f4:f2:6d:34:56:54,spielman,2412,-77,32.169212309411726,34.81068174685835,28.88632120680592,2017-12-01 10:55:47,Approx. w-center algo1
160,74:da:38:c3:0d:6b,Jamcanup,2417,-87,32.16917019230133,34.8106650271149,28.810367981340118,2017-12-01 10:55:50,Approx. w-center algo1
161,74:da:38:b6:f6:c9,Jamcandown,2427,-89,32.16917019230133,34.8106650271149,28.810367981340118,2017-12-01 10:55:50,Approx. w-center algo1
162,74:da:38:d3:bb:81,edimax_2.4G_ruty,2417,-80,32.16917019230133,34.8106650271149,28.773555043061783,2017-12-01 10:55:56,Approx. w-center algo1
163,28:80:23:f6:e0:c1,HP-Print-C1-Deskjet 4640 series,2462,-81,32.169012321650136,34.810619520712386,28.06850525498688,2017-12-01 10:56:55,Approx. w-center algo1
164,f8:d1:11:b1:92:93,iFOREX,2437,-91,32.168881406149175,34.81057058716543,27.5643827071327,2017-12-01 10:56:58,Approx. w-center algo1
165,c0:ac:54:f6:ae:5e,HOTBOX111,2462,-77,32.16875525343879,34.81129910090613,26.895184619901016,2017-12-01 10:57:11,Approx. w-center algo1
166,0c:f4:d5:29:a2:9c,LRWN,5180,-68,32.16889805537721,34.81183319930766,27.057519941460445,2017-12-01 10:57:19,Approx. w-center algo1
167,e0:ce:c3:86:a7:9e,Talfamily,2412,-80,32.16889805537721,34.81183319930766,27.057519941460445,2017-12-01 10:57:19,Approx. w-center algo1
168,b4:ee:b4:a7:81:5c,HOTBOX-8156,2412,-89,32.16909112707448,34.81193255078027,27.16529272330712,2017-12-01 10:57:23,Approx. w-center algo1
169,16:ae:db:c1:ae:55,Fuck Off Yourself,2452,-79,32.16927107246911,34.81201044802282,27.21999505256496,2017-12-01 10:57:26,Approx. w-center algo1
170,a4:2b:b0:e0:3a:01,Fuck Off ext,2462,-80,32.16927107246911,34.81201044802282,27.21999505256496,2017-12-01 10:57:26,Approx. w-center algo1
171,86:2a:a8:eb:a9:60,Mheta_AP,2437,-90,32.16927107246911,34.81201044802282,27.21999505256496,2017-12-01 10:57:26,Approx. w-center algo1
172,5a:0c:c8:0f:21:90,Bezeq Free T00C36,2412,-90,32.16943682725201,34.81208525807686,27.286889233099085,2017-12-01 10:57:29,Approx. w-center algo1
173,00:30:4f:91:36:07,hilda,2437,-71,32.1695720901851,34.813408321637986,27.26150168083893,2017-12-01 10:57:53,Approx. w-center algo1
174,ec:8e:b5:05:57:19,DIRECT-29-HP OfficeJet Pro 8710,2437,-91,32.1695720901851,34.813408321637986,27.261501680838933,2017-12-01 10:57:53,Approx. w-center algo1
175,00:24:01:18:99:57,dlink,2437,-67,32.17010132675571,34.813514176763185,29.07004588283799,2017-12-01 10:58:02,Approx. w-center algo1
176,62:19:8f:46:9f:bf,Bezeq Free,2437,-94,32.17010132675571,34.813514176763185,29.07004588283799,2017-12-01 10:58:02,Approx. w-center algo1
177,00:21:04:e7:95:da,orange,2412,-74,32.17025406565039,34.813537076757704,29.467349061309914,2017-12-01 10:58:05,Approx. w-center algo1
178,00:78:9e:fa:6f:c3,HOTBOX-F028,2412,-80,32.17042884309843,34.81356387819144,29.626149949895634,2017-12-01 10:58:08,Approx. w-center algo1
179,c0:ac:54:f7:3c:c2,HOTBOX111,2412,-87,32.17098714928447,34.81362985551846,28.81880764900309,2017-12-01 10:58:17,Approx. w-center algo1
180,fc:75:16:2e:5a:47,My_Internet,2457,-77,32.17106789784238,34.81350325265134,28.866614638393767,2017-12-01 10:58:20,Approx. w-center algo1
181,d8:5d:4c:d1:4d:b0,Yotam _ work _ room,2452,-68,32.17107862941617,34.81330158971711,28.915995433589472,2017-12-01 10:58:23,Approx. w-center algo1
182,c4:e9:84:83:1a:0a,sirocco_2.4o,2462,-79,32.17110086640514,34.813083395926654,28.87277115238635,2017-12-01 10:58:26,Approx. w-center algo1
183,90:8d:78:54:22:a2,tal,2412,-79,32.17110086640514,34.813083395926654,28.87277115238635,2017-12-01 10:58:26,Approx. w-center algo1
184,14:ae:db:b7:ab:ad,044870715,2437,-81,32.17110086640514,34.813083395926654,28.872771152386346,2017-12-01 10:58:26,Approx. w-center algo1
185,00:12:2a:e1:6c:48,Oded 2.4Ghz,2462,-69,32.17070417266147,34.81268528377859,29.694922823032826,2017-12-01 10:58:38,Approx. w-center algo1
186,e8:cc:18:ac:1b:e1,Daizad,2422,-90,32.17024204862788,34.813533118254576,29.09677084835438,2017-12-01 10:59:02,Approx. w-center algo1
187,b0:b2:8f:36:a2:b3,yotam17,2457,-91,32.17050412989869,34.813608312741444,29.49532062714165,2017-12-01 10:59:08,Approx. w-center algo1
188,c4:12:f5:f4:82:42,Beni,2452,-71,32.17094894909989,34.81367243117691,29.871227188060253,2017-12-01 10:59:14,Approx. w-center algo1
189,10:5a:f7:08:27:71,Baruch_2.4,2437,-90,32.17094894909989,34.81367243117691,29.871227188060253,2017-12-01 10:59:14,Approx. w-center algo1
190,00:26:5a:24:f4:f0,Yotam_Shir,2447,-87,32.1711226542225,34.81334830357392,30.374327846195637,2017-12-01 10:59:20,Approx. w-center algo1
191,cc:b2:55:67:2b:85,claire,2437,-90,32.17092410916535,34.81275918581424,29.998889595076953,2017-12-01 10:59:32,Approx. w-center algo1
192,62:b2:55:67:2b:86,Bezeq Free 672B84,2437,-92,32.17092410916535,34.81275918581424,29.998889595076953,2017-12-01 10:59:32,Approx. w-center algo1
193,00:78:9e:fa:3b:62,geller,2462,-90,32.17009177038523,34.8123924291015,30.961174799733378,2017-12-01 10:59:44,Approx. w-center algo1
194,00:30:4f:82:7b:30,WR,2462,-89,32.16921657591955,34.8119993015223,30.246080183177583,2017-12-01 10:59:56,Approx. w-center algo1
195,54:64:d9:5f:59:83,HOTBOX-651B,2412,-77,32.169027594463216,34.81191817927795,29.888898134382732,2017-12-01 10:59:59,Approx. w-center algo1
196,e8:94:f6:e2:6e:4b,frank,2437,-65,32.17019624834832,34.81245570309557,29.861150924216155,2017-12-01 11:00:34,Approx. w-center algo1
197,4c:60:de:51:8b:ca,Laufer-wifi,2462,-89,32.17081209129427,34.812767664505046,28.924403723449103,2017-12-01 11:00:44,Approx. w-center algo1
198,28:80:23:40:5f:af,HP-Print-AF-Officejet Pro 6830,2437,-70,32.17095455549593,34.81282029540289,29.011697047706974,2017-12-01 11:00:47,Approx. w-center algo1
199,08:3e:5d:5c:72:5e,Lahav,2462,-83,32.172359339129684,34.81383247774181,31.35812286745131,2017-12-01 11:01:20,Approx. w-center algo1
200,14:ae:db:58:73:75,love,2412,-58,32.17229583572982,34.814265874458584,32.03668527946496,2017-12-01 11:01:26,Approx. w-center algo1
201,06:ae:db:58:73:75,BezeqFree,2412,-57,32.17227246645649,34.81408016821385,47.69363736183398,2017-12-01 11:04:18,Approx. w-center algo1
202,fc:b4:e6:d2:86:9e,Lahav,2462,-81,32.17230692344676,34.81390382396507,46.72223219542287,2017-12-01 11:04:21,Approx. w-center algo1
203,00:78:9e:f9:f5:5b,HOTBOX1234,2412,-81,32.17257421641877,34.81234245317759,43.21979901905486,2017-12-01 11:04:45,Approx. w-center algo1
204,30:e1:71:be:67:57,DIRECT-56-HP OfficeJet 6950,2462,-90,32.17257421641877,34.81234245317759,43.21979901905486,2017-12-01 11:04:45,Approx. w-center algo1
205,80:1f:02:a3:7d:62,Gil Kitchen,2437,-83,32.172567936910234,34.81218573168659,43.070084903708576,2017-12-01 11:04:48,Approx. w-center algo1
206,88:dc:96:3b:f5:e0,kenley-up,2437,-87,32.17244369050431,34.81206365704524,42.92341219500959,2017-12-01 11:04:51,Approx. w-center algo1
207,c4:12:f5:85:27:c2,varda,2412,-80,32.17225037592235,34.81198974378003,42.69739354875747,2017-12-01 11:04:54,Approx. w-center algo1
208,8c:59:c3:ea:db:4b,Liza,5180,-91,32.171773657455525,34.81183741979604,41.75368557840066,2017-12-01 11:05:00,Approx. w-center algo1
209,6c:2e:85:fe:da:b8,HOTBOX-1966,2437,-75,32.17134387611023,34.8116686534985,41.11423605499236,2017-12-01 11:05:06,Approx. w-center algo1
210,3c:1e:04:07:2a:fe,ronkla2,2437,-80,32.17134387611023,34.8116686534985,41.11423605499236,2017-12-01 11:05:06,Approx. w-center algo1
211,d8:5d:4c:d9:c4:68,shlomi,2412,-65,32.17043064941609,34.81119993629276,40.926265973661245,2017-12-01 11:05:18,Approx. w-center algo1
212,18:cc:23:00:18:45,gononsmarthome,2422,-89,32.17043064941609,34.81119993629276,40.926265973661245,2017-12-01 11:05:18,Approx. w-center algo1
213,00:24:2b:cf:13:21,stephane,2412,-64,32.17019380074371,34.81108803927924,41.084818088945596,2017-12-01 11:05:21,Approx. w-center algo1
214,86:2a:a8:a1:a0:b5,Rozenkrants,2412,-89,32.1699449632106,34.81096823595285,41.15224303065266,2017-12-01 11:05:24,Approx. w-center algo1
215,74:da:38:54:b8:1c,oved-main_2EX,2437,-80,32.16969384158719,34.810860989133886,40.951736594141536,2017-12-01 11:05:27,Approx. w-center algo1
216,10:be:f5:3f:b2:ce,bait,2457,-92,32.16969384158719,34.810860989133886,40.951736594141536,2017-12-01 11:05:27,Approx. w-center algo1
217,c4:12:f5:f9:5c:7c,Lili,2462,-79,32.169457779876055,34.81076504710256,40.54230601717542,2017-12-01 11:05:30,Approx. w-center algo1
218,b0:b2:8f:1e:ea:68,HOTBOX-2E6E,2462,-81,32.169457779876055,34.81076504710256,40.54230601717542,2017-12-01 11:05:30,Approx. w-center algo1
219,e4:6f:13:71:f5:ce,RS_GUEST,2452,-91,32.16885854901348,34.810540283347045,39.92476460820798,2017-12-01 11:05:39,Approx. w-center algo1
220,40:65:a3:2b:62:22,HOTFiber-400D,2437,-83,32.16881183895412,34.81174970350504,40.650001121744175,2017-12-01 11:05:57,Approx. w-center algo1
221,92:cd:b6:2b:e9:77,HP-Setup>77-M277 LaserJet,2412,-87,32.16881183895412,34.81174970350504,40.650001121744175,2017-12-01 11:05:57,Approx. w-center algo1
222,14:ae:db:48:af:4d,InnovationEndeavors-guest,2452,-91,32.16970424697143,34.8122124147935,40.24753875469891,2017-12-01 11:06:12,Approx. w-center algo1
223,00:78:9e:fa:0e:db,snapper1,2412,-91,32.16988799418102,34.81228859490431,40.1543864581257,2017-12-01 11:06:15,Approx. w-center algo1
224,70:4d:7b:0c:89:50,ter123,2437,-69,32.17005822708653,34.81236874860562,40.072466932473205,2017-12-01 11:06:18,Approx. w-center algo1
225,14:cc:20:76:c0:8e,TP-LINK_76C08E,2412,-84,32.17081505526214,34.812720955098236,39.90215021290214,2017-12-01 11:06:30,Approx. w-center algo1
226,52:b0:ce:ac:32:98,Bezeq Free GA32E3,2412,-62,32.1723824503716,34.81347918498145,38.90856296704865,2017-12-01 11:07:03,Approx. w-center algo1
227,c4:a8:1d:12:7d:4c,Orit,2437,-57,32.17228718061519,34.8140756807789,39.76563390143588,2017-12-01 11:07:12,Approx. w-center algo1
228,48:ee:0c:3d:eb:b8,Km,2452,-85,32.17225793952015,34.81441454466233,40.08129430873258,2017-12-01 11:07:18,Approx. w-center algo1
229,14:9d:09:80:00:9d,HUAWEI-009D,2427,-86,32.17225793952015,34.81441454466233,40.08129430873258,2017-12-01 11:07:18,Approx. w-center algo1
230,14:9d:09:80:00:f1,HUAWEI-00F1,2437,-85,32.17223176,34.81443004,45.0,2017-12-01 11:03:43,Approx. w-center algo1
231,70:5a:0f:b2:64:cd,DIRECT-CC-HP DeskJet 4670 series,2437,-67,32.17247957,34.81271468,40.0,2017-12-01 11:04:39,Approx. w-center algo1
232,14:ae:db:32:d5:c2,GFCM,2427,-92,32.17237857,34.81205701,35.0,2017-12-01 11:04:51,Approx. w-center algo1
233,54:b8:0a:34:78:d0,Shani - Green,2437,-88,32.17153243,34.81172407,31.000000000000004,2017-12-01 11:05:03,Approx. w-center algo1
234,08:97:58:31:e0:c6,SEW132_23574336,2422,-78,32.17131792,34.81162405,29.0,2017-12-01 11:05:06,Approx. w-center algo1
235,c4:12:f5:82:92:78,David,2452,-96,32.17063751,34.81125367,31.0,2017-12-01 11:05:15,Approx. w-center algo1
236,fa:8f:ca:35:6e:e9,,2412,-86,32.16991824,34.81090236,25.0,2017-12-01 11:05:24,Approx. w-center algo1
237,e4:6f:13:73:0a:c2,simon,2447,-79,32.16875936,34.81062936,19.0,2017-12-01 11:05:42,Approx. w-center algo1
238,06:c2:3e:e4:21:85,HTC,2427,-86,32.16875936,34.81062936,19.0,2017-12-01 11:05:42,Approx. w-center algo1
239,40:b0:34:62:33:a6,DIRECT-A5-HP DeskJet 3700 series,2437,-87,32.1695048,34.81211179,27.0,2017-12-01 11:06:09,Approx. w-center algo1
240,00:0b:6c:4d:1b:3f,UFI_UF230_B3F,2437,-58,32.17062832,34.81264147,30.0,2017-12-01 11:06:27,Approx. w-center algo1
241,b0:5a:da:fa:44:76,DIRECT-75-HP DeskJet 4670 series,2437,-85,32.17144111,34.81293238,31.0,2017-12-01 11:06:39,Approx. w-center algo1
242,00:07:26:4f:07:ae,HOTBOX-1A14,2437,-86,32.1724394,34.81321284,29.000000000000004,2017-12-01 11:06:58,Approx. w-center algo1
243,f4:f2:6d:af:45:26,Basement,2422,-87,32.17230093,34.81393684,34.0,2017-12-01 11:07:10,Approx. w-center algo1
244,7c:03:4c:ba:f5:5a,HOTBOX-1234,2437,-75,32.17237924,34.81348839,36.0,2017-12-01 11:09:20,Approx. w-center algo1
245,f4:f2:6d:5e:d0:48,alfa,2462,-96,32.17206721,34.81192728,32.0,2017-12-01 11:09:44,Approx. w-center algo1
246,c4:04:15:60:6a:b6,BezeqNGN_10072E_5GHz_1,5240,-82,32.17180755,34.81183239,31.000000000000004,2017-12-01 11:09:47,Approx. w-center algo1
247,c0:ac:54:f8:0c:ac,G10,2462,-94,32.17106538,34.81150977,30.0,2017-12-01 11:09:56,Approx. w-center algo1
248,f8:d1:11:ce:e5:e6,TP-LINK-BET,2427,-96,32.17106538,34.81150977,30.0,2017-12-01 11:09:56,Approx. w-center algo1
249,74:da:38:6c:89:7b,Hetz2,2412,-83,32.17043936,34.81118089,28.999999999999996,2017-12-01 11:10:04,Approx. w-center algo1
250,98:e7:f4:0a:dd:86,DIRECT-85-HP OfficeJet Pro 6960,2437,-89,32.17043936,34.81118089,29.0,2017-12-01 11:10:04,Approx. w-center algo1
251,00:78:9e:fa:b2:d0,Avisky,2462,-91,32.16871788,34.811185,29.0,2017-12-01 11:10:32,Approx. w-center algo1
252,90:8d:78:b6:28:f6,Talfamily2,2432,-62,32.16879785,34.81168165,32.0,2017-12-01 11:10:37,Approx. w-center algo1
253,e0:ce:c3:8c:c1:94,HOTBOX-C18E,2412,-93,32.16968439,34.8121884,31.0,2017-12-01 11:10:50,Approx. w-center algo1
254,d8:fb:5e:17:62:f5,HOTBOX-62EF,2412,-80,32.17035702,34.81248459,32.0,2017-12-01 11:10:59,Approx. w-center algo1
255,c0:ac:54:f5:7d:bd,HOTBOX-2017,2462,-72,32.1710117,34.81277801,37.0,2017-12-01 11:11:08,Approx. w-center algo1
256,74:da:38:b6:f3:7a,Floor 2,2417,-94,32.17146616,34.81290244,38.0,2017-12-01 11:11:14,Approx. w-center algo1
257,30:e1:71:fb:1e:f7,DIRECT-F6-HP DeskJet 3830 series,2462,-92,32.17231097,34.81407594,39.0,2017-12-01 11:11:44,Approx. w-center algo1
258,00:1a:dd:e3:06:e4,afikim-wifi,2412,-53,32.102528187003614,35.20734570155965,700.1622738859833,2017-12-03 08:37:13,Approx. w-center algo1
259,d8:fe:e3:03:5a:31,Moria,2437,-78,32.102528187003614,35.20734570155965,700.1622738859833,2017-12-03 08:37:13,Approx. w-center algo1
260,a0:4f:d4:3b:e9:01,Lidor a,2437,-84,32.102528187003614,35.20734570155965,700.1622738859833,2017-12-03 08:37:13,Approx. w-center algo1
261,14:ae:db:3a:64:05,tanya,2412,-86,32.102528187003614,35.20734570155965,700.1622738859833,2017-12-03 08:37:13,Approx. w-center algo1
262,10:be:f5:3b:68:2c,Hagar,2462,-87,32.102528187003614,35.20734570155965,700.1622738859833,2017-12-03 08:37:13,Approx. w-center algo1
263,d0:0f:6d:f1:35:2f,Sveta,2427,-85,32.10251814263996,35.20734901460898,698.9056862429085,2017-12-03 08:37:15,Approx. w-center algo1
264,a0:ab:1b:59:55:54,ear,2412,-85,32.10251814263996,35.20734901460898,698.9056862429085,2017-12-03 08:37:15,Approx. w-center algo1
265,b0:48:7a:a1:80:8c,Knoch,2427,-86,32.10251814263996,35.20734901460898,698.9056862429085,2017-12-03 08:37:15,Approx. w-center algo1
266,10:be:f5:39:8f:f2,LARISA,2422,-86,32.10251814263996,35.20734901460898,698.9056862429085,2017-12-03 08:37:15,Approx. w-center algo1
267,00:12:2a:39:2c:3c,netbox-550b,2412,-86,32.10251814263996,35.20734901460898,698.9056862429085,2017-12-03 08:37:15,Approx. w-center algo1
268,10:be:f5:a7:b4:f4,Home,2442,-87,32.10251814263996,35.20734901460898,698.9056862429085,2017-12-03 08:37:15,Approx. w-center algo1
269,14:ae:db:43:88:35,BEZEQINT-8831,2437,-85,32.10251581558651,35.207339181669674,697.993173771496,2017-12-03 08:37:18,Approx. w-center algo1
270,00:8c:54:90:ce:d1,victoria,2462,-89,32.10251743683182,35.2073387273908,695.5775665899107,2017-12-03 08:37:24,Approx. w-center algo1
271,06:ae:db:3a:64:05,BezeqFree,2412,-84,32.102458386443125,35.20743113335047,694.8881937656644,2017-12-03 08:37:27,Approx. w-center algo1
272,14:ae:db:cb:05:f5,Mama,2462,-90,32.102458386443125,35.20743113335047,694.8881937656644,2017-12-03 08:37:27,Approx. w-center algo1
273,80:37:73:d7:ab:3a,Hoom_2.4,2412,-88,32.10246378160256,35.207563401001366,694.129943277534,2017-12-03 08:37:30,Approx. w-center algo1
274,ec:8c:a2:89:03:37,,5220,-77,32.10258798763252,35.20759021123835,693.1085203108703,2017-12-03 08:37:33,Approx. w-center algo1
275,ec:8c:a2:09:03:3c,Ariel_University,5220,-77,32.10258798763252,35.20759021123835,693.1085203108703,2017-12-03 08:37:33,Approx. w-center algo1
276,cc:fa:00:ae:93:46,bezek freeee,2437,-86,32.10263460161589,35.20757686137406,692.0341048029707,2017-12-03 08:37:36,Approx. w-center algo1
277,00:0e:f4:c1:50:14,vladimir,2462,-92,32.10263460161589,35.20757686137406,692.0341048029708,2017-12-03 08:37:36,Approx. w-center algo1
278,a4:08:f5:20:72:6a,HOTFiber-3C40,2412,-87,32.102861507686676,35.2076291986019,691.1036071541976,2017-12-03 08:37:42,Approx. w-center algo1
279,ec:8c:a2:08:77:48,Ariel_University,2437,-88,32.102861507686676,35.2076291986019,691.1036071541976,2017-12-03 08:37:42,Approx. w-center algo1
280,14:ae:db:cf:86:f5,Biren2809,2462,-91,32.102861507686676,35.2076291986019,691.1036071541976,2017-12-03 08:37:42,Approx. w-center algo1
281,ec:8c:a2:08:a9:3c,Ariel_University,5180,-75,32.10309345225589,35.20773997080285,690.9058112860603,2017-12-03 08:37:49,Approx. w-center algo1
282,ec:8c:a2:09:03:38,Ariel_University,2412,-71,32.10317578496331,35.2077533608269,690.8658803245012,2017-12-03 08:37:52,Approx. w-center algo1
283,ec:8c:a2:09:0c:cc,Ariel_University,5220,-80,32.103254567862166,35.20776621667453,690.8153989055744,2017-12-03 08:37:55,Approx. w-center algo1
284,ec:8c:a2:88:a9:27,,5220,-81,32.103254567862166,35.20776621667453,690.8153989055744,2017-12-03 08:37:55,Approx. w-center algo1
285,ec:8c:a2:88:a9:37,,5180,-81,32.103254567862166,35.20776621667453,690.8153989055744,2017-12-03 08:37:55,Approx. w-center algo1
286,ec:8c:a2:26:ae:28,Ariel_University,2462,-88,32.103254567862166,35.20776621667453,690.8153989055744,2017-12-03 08:37:55,Approx. w-center algo1
287,a0:4f:d4:46:a9:e1,richman,2462,-92,32.103254567862166,35.20776621667453,690.8153989055744,2017-12-03 08:37:55,Approx. w-center algo1
288,ec:8c:a2:08:7a:1c,Ariel_University,5220,-71,32.103323385092075,35.20778662747971,690.7687922307229,2017-12-03 08:37:58,Approx. w-center algo1
289,ec:8c:a2:88:7a:17,,5220,-71,32.103323385092075,35.20778662747971,690.7687922307229,2017-12-03 08:37:58,Approx. w-center algo1
290,ec:8c:a2:08:7a:18,Ariel_University,2412,-71,32.103323385092075,35.20778662747971,690.7687922307229,2017-12-03 08:37:58,Approx. w-center algo1
291,ec:8c:a2:08:78:38,Ariel_University,2412,-81,32.103323385092075,35.20778662747971,690.7687922307229,2017-12-03 08:37:58,Approx. w-center algo1
292,ec:8c:a2:26:b0:58,Ariel_University,2437,-84,32.103323385092075,35.20778662747971,690.7687922307229,2017-12-03 08:37:58,Approx. w-center algo1
293,ec:8c:a2:88:78:37,,5200,-90,32.103323385092075,35.20778662747971,690.7687922307229,2017-12-03 08:37:58,Approx. w-center algo1
294,ec:8c:a2:09:86:d8,Ariel_University,2437,-92,32.103323385092075,35.20778662747971,690.7687922307229,2017-12-03 08:37:58,Approx. w-center algo1
295,ec:8c:a2:89:0c:c7,,5220,-86,32.10342051137385,35.20780552775216,690.6874448611455,2017-12-03 08:38:04,Approx. w-center algo1
296,ec:8c:a2:09:0c:c8,Ariel_University,2412,-86,32.10342051137385,35.20780552775216,690.6874448611455,2017-12-03 08:38:04,Approx. w-center algo1
297,ec:8c:a2:08:90:cc,Ariel_University,5180,-87,32.10342051137385,35.20780552775216,690.6874448611455,2017-12-03 08:38:04,Approx. w-center algo1
298,ec:8c:a2:08:a9:28,Ariel_University,2462,-71,32.10353355128237,35.20781291804855,690.5795129917332,2017-12-03 08:38:10,Approx. w-center algo1
299,ec:8c:a2:09:8c:38,Ariel_University,2412,-80,32.10353355128237,35.20781291804855,690.5795129917332,2017-12-03 08:38:10,Approx. w-center algo1
300,ec:8c:a2:08:a9:2c,Ariel_University,5220,-81,32.10353355128237,35.20781291804855,690.5795129917332,2017-12-03 08:38:10,Approx. w-center algo1
301,00:27:22:f3:bb:3a,,2437,-86,32.10353355128237,35.20781291804855,690.5795129917332,2017-12-03 08:38:10,Approx. w-center algo1
302,ec:8c:a2:88:7b:87,,5200,-76,32.10371440835981,35.2078263595938,690.4758805974767,2017-12-03 08:38:13,Approx. w-center algo1
303,ec:8c:a2:08:90:c8,Ariel_University,2462,-78,32.10371440835981,35.2078263595938,690.4758805974767,2017-12-03 08:38:13,Approx. w-center algo1
304,ec:8c:a2:08:7b:8c,Ariel_University,5200,-68,32.10395115783471,35.20786377093516,690.3267397654319,2017-12-03 08:38:16,Approx. w-center algo1
305,ec:8c:a2:08:7b:88,Ariel_University,2412,-77,32.10395115783471,35.20786377093516,690.3267397654319,2017-12-03 08:38:16,Approx. w-center algo1
306,00:27:22:f3:bb:86,,2437,-81,32.10395115783471,35.20786377093516,690.3267397654319,2017-12-03 08:38:16,Approx. w-center algo1
307,00:25:86:cc:00:f8,AUC_54_R,2432,-74,32.10419402726119,35.20788174167889,690.1268556042181,2017-12-03 08:38:19,Approx. w-center algo1
308,ec:8c:a2:08:92:48,Ariel_University,2437,-85,32.10461272357625,35.20792963641949,689.6670161410832,2017-12-03 08:38:25,Approx. w-center algo1
309,ec:8c:a2:08:92:4c,Ariel_University,5180,-88,32.10461272357625,35.20792963641949,689.6670161410832,2017-12-03 08:38:25,Approx. w-center algo1
310,00:1a:dd:f4:f5:c5,Afikim_Wifi,2472,-85,32.10473074431384,35.20808401590763,689.6319853475801,2017-12-03 08:38:28,Approx. w-center algo1
311,f0:b0:52:3e:d6:f8,Ariel_University,2462,-86,32.10473074431384,35.20808401590763,689.6319853475801,2017-12-03 08:38:28,Approx. w-center algo1
312,e6:46:da:e4:84:c0,Aviramf phone,2437,-87,32.10473074431384,35.20808401590763,689.6319853475801,2017-12-03 08:38:28,Approx. w-center algo1
313,00:27:22:f3:e0:83,,2412,-88,32.10473074431384,35.20808401590763,689.6319853475801,2017-12-03 08:38:28,Approx. w-center algo1
314,00:27:22:f3:a6:9a,,2437,-85,32.10559677902265,35.20951077753986,688.4287285025864,2017-12-03 08:38:55,Approx. w-center algo1
315,08:97:58:32:a6:3e,NIPPON_2516,2422,-73,32.10572050842588,35.2097599664662,688.5550300637956,2017-12-03 08:38:58,Approx. w-center algo1
316,00:1a:2f:7f:6b:70,,2472,-76,32.10572050842588,35.2097599664662,688.5550300637956,2017-12-03 08:38:58,Approx. w-center algo1
317,f8:a9:d0:66:06:4d,Orange G2_4113,2437,-81,32.10572050842588,35.2097599664662,688.5550300637956,2017-12-03 08:38:58,Approx. w-center algo1
318,00:1a:dd:f4:ef:04,PEPWAVE_9481,2412,-76,32.10593532045871,35.21038076777716,688.6045855255679,2017-12-03 08:39:04,Approx. w-center algo1
319,00:1a:dd:f5:06:a4,,2472,-83,32.10593532045871,35.21038076777716,688.6045855255679,2017-12-03 08:39:04,Approx. w-center algo1
320,58:70:c6:00:d0:f1,YICarCam_00d0f1,2437,-84,32.10593532045871,35.21038076777716,688.6045855255679,2017-12-03 08:39:04,Approx. w-center algo1
321,00:1a:dd:f5:06:a5,Afikim_Wifi,2472,-84,32.10593532045871,35.21038076777716,688.6045855255679,2017-12-03 08:39:04,Approx. w-center algo1
322,00:1a:dd:f5:e9:25,Afikim-73925,2412,-58,32.106089276564596,35.21106968179408,688.7624378298848,2017-12-03 08:39:10,Approx. w-center algo1
323,00:1a:dd:f5:e9:24,PEPWAVE_C99D,2412,-59,32.106089276564596,35.21106968179408,688.7624378298848,2017-12-03 08:39:10,Approx. w-center algo1
324,00:1a:dd:f4:ef:c5,Afikim_Wifi,2412,-81,32.106089276564596,35.21106968179408,688.7624378298848,2017-12-03 08:39:10,Approx. w-center algo1
325,00:27:22:f3:e2:f3,,2437,-81,32.10614939016676,35.21138726608906,688.8993666020681,2017-12-03 08:39:13,Approx. w-center algo1
326,10:be:f5:36:02:e2,TOP-SECRET,2447,-82,32.10614939016676,35.21138726608906,688.8993666020681,2017-12-03 08:39:13,Approx. w-center algo1
327,1c:b9:c4:16:06:ec,Ariel_University,5220,-83,32.10614939016676,35.21138726608906,688.8993666020681,2017-12-03 08:39:13,Approx. w-center algo1
328,00:1a:dd:f4:ef:c4,,2412,-87,32.10614939016676,35.21138726608906,688.8993666020681,2017-12-03 08:39:13,Approx. w-center algo1
329,00:1a:dd:f4:f5:c4,,2472,-87,32.106181954122206,35.21168763894033,689.1981253462078,2017-12-03 08:39:16,Approx. w-center algo1
330,cc:b2:55:e7:7e:ba,Bezeq-NGN_E77EB9,2437,-87,32.106181954122206,35.21168763894033,689.1981253462078,2017-12-03 08:39:16,Approx. w-center algo1
331,00:1a:dd:f4:fc:84,,2447,-77,32.106211489963755,35.21194838735254,689.2763252871639,2017-12-03 08:39:19,Approx. w-center algo1
332,00:1a:dd:f4:fc:85,Afikim_Wifi,2447,-78,32.106211489963755,35.21194838735254,689.2763252871639,2017-12-03 08:39:19,Approx. w-center algo1
333,f8:e7:1e:33:87:38,"Police_Shomron ",2412,-86,32.106211489963755,35.21194838735254,689.2763252871639,2017-12-03 08:39:19,Approx. w-center algo1
334,00:1a:dd:f4:fc:64,,2412,-87,32.106211489963755,35.21194838735254,689.2763252871639,2017-12-03 08:39:19,Approx. w-center algo1
335,00:1a:dd:f4:fc:65,Afikim_Wifi,2412,-90,32.106211489963755,35.21194838735254,689.2763252871639,2017-12-03 08:39:19,Approx. w-center algo1
336,f8:e7:1e:33:87:3c,"Police_Shomron ",5180,-86,32.10578181130056,35.21207187967583,690.5323471428377,2017-12-03 08:39:28,Approx. w-center algo1
337,1c:b9:c4:16:cd:1c,Ariel_University,5180,-88,32.10578181130056,35.21207187967583,690.5323471428377,2017-12-03 08:39:28,Approx. w-center algo1
338,1c:b9:c4:16:cd:18,IT-MNG,2412,-75,32.10558929316102,35.211990487672665,691.0898029756444,2017-12-03 08:39:31,Approx. w-center algo1
339,1c:b9:c4:56:cd:18,Ariel_University,2412,-75,32.10558929316102,35.211990487672665,691.0898029756444,2017-12-03 08:39:31,Approx. w-center algo1
340,00:27:19:13:fc:a4,KCG_20,2462,-85,32.10558929316102,35.211990487672665,691.0898029756444,2017-12-03 08:39:31,Approx. w-center algo1
341,1c:b9:c4:15:3a:28,Ariel_University,2412,-87,32.105448644069995,35.21192983211315,691.5885470680463,2017-12-03 08:39:34,Approx. w-center algo1
342,1c:b9:c4:96:cd:17,,5180,-89,32.105448644069995,35.21192983211315,691.5885470680463,2017-12-03 08:39:34,Approx. w-center algo1
343,1c:b9:c4:15:3a:2c,Ariel_University,5180,-92,32.105338150765675,35.21187487697705,692.0554072332519,2017-12-03 08:39:37,Approx. w-center algo1
344,24:79:2a:2b:34:a8,Ariel_University,2462,-92,32.105338150765675,35.21187487697705,692.0554072332519,2017-12-03 08:39:37,Approx. w-center algo1
345,1c:b9:c4:15:fd:ec,Ariel_University,5200,-76,32.10524361261086,35.211801239749164,692.3384221268948,2017-12-03 08:39:40,Approx. w-center algo1
346,1c:b9:c4:15:fd:e8,IT-MNG,2462,-82,32.10524361261086,35.211801239749164,692.3384221268948,2017-12-03 08:39:40,Approx. w-center algo1
347,1c:b9:c4:55:fd:e8,Ariel_University,2462,-83,32.10524361261086,35.211801239749164,692.3384221268948,2017-12-03 08:39:40,Approx. w-center algo1
348,8c:0c:90:af:76:53,,2437,-90,32.105210120790346,35.21178480914369,692.3377115782242,2017-12-03 08:39:49,Approx. w-center algo1
349,1c:b9:c4:94:30:07,,5180,-84,32.10506214894986,35.21071549460977,692.6868607099875,2017-12-03 08:40:43,Approx. w-center algo1
350,1c:b9:c4:14:30:0c,Ariel_University,5180,-85,32.10506214894986,35.21071549460977,692.6868607099875,2017-12-03 08:40:43,Approx. w-center algo1
351,1c:b9:c4:16:2d:ec,Ariel_University,5180,-85,32.10493191549645,35.21025667401684,692.7030958914264,2017-12-03 08:40:49,Approx. w-center algo1
352,24:79:2a:2c:5b:dc,Ariel_University,5180,-78,32.104466966368285,35.20942986183025,692.9030486088649,2017-12-03 08:41:01,Approx. w-center algo1
353,1c:b9:c4:16:28:ec,Ariel_University,5180,-70,32.10358149081874,35.20869963966899,692.7637920663055,2017-12-03 08:41:19,Approx. w-center algo1
354,1c:b9:c4:96:28:e7,,5180,-72,32.10358149081874,35.20869963966899,692.7637920663055,2017-12-03 08:41:19,Approx. w-center algo1
355,1c:b9:c4:14:2f:6c,Ariel_University,5180,-76,32.10277702523605,35.20865285254135,691.9026615588904,2017-12-03 08:41:34,Approx. w-center algo1
356,1c:b9:c4:15:ed:7c,Ariel_University,5300,-83,32.10199115789806,35.20958210879809,691.3292746776632,2017-12-03 08:41:50,Approx. w-center algo1
357,1c:b9:c4:15:3a:3c,Ariel_University,5220,-82,32.10204989920807,35.20981699968769,691.9252951056196,2017-12-03 08:41:53,Approx. w-center algo1
358,1c:b9:c4:15:41:7c,Ariel_University,5220,-78,32.104180210701166,35.210971616382466,697.8335736441353,2017-12-03 08:42:38,Approx. w-center algo1
359,1c:b9:c4:95:ed:37,,5180,-85,32.104180210701166,35.210971616382466,697.8335736441353,2017-12-03 08:42:38,Approx. w-center algo1
360,1c:b9:c4:14:36:f8,Ariel_University,2437,-78,32.10421174650141,35.211189336085184,697.9876832678715,2017-12-03 08:42:41,Approx. w-center algo1
361,1c:b9:c4:16:e8:fc,Ariel_University,5180,-80,32.10421174650141,35.211189336085184,697.9876832678715,2017-12-03 08:42:41,Approx. w-center algo1
362,1c:b9:c4:94:36:f7,,5180,-89,32.10421174650141,35.211189336085184,697.9876832678715,2017-12-03 08:42:41,Approx. w-center algo1
363,1c:b9:c4:15:44:8c,Ariel_University,5180,-87,32.1044318843861,35.21140418433044,698.2791206112993,2017-12-03 08:42:47,Approx. w-center algo1
364,ec:8c:a2:88:79:a7,,5180,-83,32.10490479074945,35.211247446727874,697.4311692397619,2017-12-03 08:42:59,Approx. w-center algo1
365,ec:8c:a2:08:79:ac,Ariel_University,5180,-83,32.10490479074945,35.211247446727874,697.4311692397619,2017-12-03 08:42:59,Approx. w-center algo1
366,1c:b9:c4:96:05:77,,5180,-90,32.10490479074945,35.211247446727874,697.4311692397619,2017-12-03 08:42:59,Approx. w-center algo1
367,ec:8c:a2:08:79:a8,Ariel_University,2437,-74,32.10490479074945,35.211247446727874,697.428715971239,2017-12-03 08:43:02,Approx. w-center algo1
368,1c:b9:c4:14:2b:c8,Ariel_University,2437,-69,32.105083845149835,35.21105176968496,723.7793960780249,2017-12-03 08:44:54,Approx. w-center algo1
369,1c:b9:c4:15:36:98,Ariel_University,2412,-81,32.105083845149835,35.21105176968496,723.7793960780249,2017-12-03 08:44:54,Approx. w-center algo1
370,1c:b9:c4:15:36:9c,Ariel_University,5180,-82,32.105083845149835,35.21105176968496,723.7793960780249,2017-12-03 08:44:54,Approx. w-center algo1
371,1c:b9:c4:16:2b:ec,Ariel_University,5180,-91,32.105083845149835,35.21105176968496,723.7793960780249,2017-12-03 08:44:54,Approx. w-center algo1
372,00:1a:dd:f5:e2:e4,,2447,-88,32.10505360988531,35.21065140865043,722.9911881727085,2017-12-03 08:45:00,Approx. w-center algo1
373,1c:b9:c4:15:44:5c,Ariel_University,5220,-73,32.10499990260954,35.21047656289195,723.5506009395499,2017-12-03 08:45:03,Approx. w-center algo1
374,1c:b9:c4:95:44:57,,5220,-75,32.10499990260954,35.21047656289195,723.55060093955,2017-12-03 08:45:03,Approx. w-center algo1
375,1c:b9:c4:96:2d:e7,,5180,-83,32.1049280958924,35.21028241262848,722.9373547253995,2017-12-03 08:45:06,Approx. w-center algo1
376,08:ed:b9:3d:8f:4b,HP-Print-4b-LaserJet 400,2437,-89,32.1049280958924,35.21028241262848,722.9373547253995,2017-12-03 08:45:06,Approx. w-center algo1
377,1c:b9:c4:15:34:bc,Ariel_University,5180,-90,32.1049280958924,35.21028241262848,722.9373547253995,2017-12-03 08:45:06,Approx. w-center algo1
378,1c:b9:c4:14:62:48,Ariel_University,2462,-69,32.10467359936391,35.20978777843669,720.377839279137,2017-12-03 08:45:15,Approx. w-center algo1
379,8c:0c:90:6e:16:88,,2462,-78,32.10415148492975,35.209085335841316,717.1730684272525,2017-12-03 08:45:30,Approx. w-center algo1
380,8c:0c:90:ae:16:83,,2462,-79,32.10415148492975,35.209085335841316,717.1730684272525,2017-12-03 08:45:30,Approx. w-center algo1
381,00:25:86:cc:07:b2,KCG_54,2417,-87,32.10400629568038,35.20897410789561,716.4196812362657,2017-12-03 08:45:33,Approx. w-center algo1
382,1c:b9:c4:96:cc:d7,,5180,-89,32.10400629568038,35.20897410789561,716.4196812362657,2017-12-03 08:45:33,Approx. w-center algo1
383,1c:b9:c4:92:90:b7,,5200,-83,32.10326856217378,35.20883939525283,714.5109892030207,2017-12-03 08:45:51,Approx. w-center algo1
384,1c:b9:c4:16:f4:2c,Ariel_University,5220,-87,32.10312233030912,35.20883356228082,714.4002305491747,2017-12-03 08:45:54,Approx. w-center algo1
385,1c:b9:c4:12:7c:c8,Ariel_University,2462,-65,32.10296085254736,35.20883419348608,714.3703447936505,2017-12-03 08:45:57,Approx. w-center algo1
386,1c:b9:c4:94:33:c7,,5240,-83,32.10296085254736,35.20883419348608,714.3703447936505,2017-12-03 08:45:57,Approx. w-center algo1
387,1c:b9:c4:96:f1:97,,5300,-83,32.102251329939946,35.20917133939987,713.7779833477692,2017-12-03 08:46:10,Approx. w-center algo1
388,1c:b9:c4:14:2b:dc,Ariel_University,5180,-69,32.102146261893544,35.20936409018153,713.6723922329297,2017-12-03 08:46:13,Approx. w-center algo1
389,1c:b9:c4:95:3d:67,,5220,-88,32.10263051540787,35.21002970756891,712.9572535195944,2017-12-03 08:46:31,Approx. w-center algo1
390,1c:b9:c4:96:06:b7,,5240,-71,32.103867734675376,35.210207503898104,711.3389288486851,2017-12-03 08:46:55,Approx. w-center algo1
391,1c:b9:c4:14:36:fc,Ariel_University,5180,-84,32.104277785622244,35.211358618857965,709.9316873666761,2017-12-03 08:47:13,Approx. w-center algo1
392,1c:b9:c4:14:2b:cc,Ariel_University,5180,-79,32.10503984,35.21099522,690.0,2017-12-03 08:44:55,Approx. w-center algo1
393,00:1a:dd:f5:e2:e5,Afikim_Wifi,2447,-81,32.10496562,35.21060161,686.0,2017-12-03 08:45:01,Approx. w-center algo1
394,1c:b9:c4:14:30:08,Ariel_University,2412,-81,32.10490642,35.21041748,687.0,2017-12-03 08:45:04,Approx. w-center algo1
395,1c:b9:c4:16:2d:e8,Ariel_University,2462,-77,32.10483138,35.21023766,687.0,2017-12-03 08:45:07,Approx. w-center algo1
396,c2:6c:ac:a0:7b:4d,outsense,2462,-63,32.10465225,35.20989395,686.0,2017-12-03 08:45:13,Approx. w-center algo1
397,b2:6c:ac:a0:7b:4d,magneto,2462,-63,32.10465225,35.20989395,686.0,2017-12-03 08:45:13,Approx. w-center algo1
398,90:6c:ac:a0:7b:4d,EVE,2462,-64,32.10465225,35.20989395,686.0,2017-12-03 08:45:13,Approx. w-center algo1
399,a2:6c:ac:a0:7b:4d,Guest,2462,-64,32.10465225,35.20989395,686.0,2017-12-03 08:45:13,Approx. w-center algo1
400,1c:b9:c4:15:25:48,Ariel_University,2412,-72,32.10465225,35.20989395,686.0000000000001,2017-12-03 08:45:13,Approx. w-center algo1
401,f8:e9:03:12:ef:3b,ShapeDo,2437,-67,32.10456515,35.2097465,687.0,2017-12-03 08:45:16,Approx. w-center algo1
402,f8:e9:03:12:ef:3c,ShapeDo-5GHz,5300,-75,32.10456515,35.2097465,687.0,2017-12-03 08:45:16,Approx. w-center algo1
403,70:5a:0f:57:42:43,DIRECT-42-HP DeskJet 3830 series,2462,-75,32.10447804,35.20959776,687.0,2017-12-03 08:45:19,Approx. w-center algo1
404,b2:6c:ac:a0:18:29,restore,2437,-81,32.10438743,35.20945591,687.0,2017-12-03 08:45:22,Approx. w-center algo1
405,ec:8c:a2:26:d3:68,Ariel_University,2462,-58,32.10411028,35.20906784,690.0,2017-12-03 08:45:30,Approx. w-center algo1
406,a2:6c:ac:a0:3d:eb,giftwizard,2422,-72,32.10383006,35.20885448,691.0,2017-12-03 08:45:36,Approx. w-center algo1
407,8c:0c:90:2e:16:88,Ariel_University,2462,-78,32.10356665,35.20876079,690.0,2017-12-03 08:45:42,Approx. w-center algo1
408,ec:8c:a2:88:94:17,,5220,-72,32.10241537,35.208865,687.9999999999999,2017-12-03 08:46:06,Approx. w-center algo1
409,7e:ff:30:08:7f:bd,SETUP,2462,-80,32.10241537,35.208865,688.0,2017-12-03 08:46:06,Approx. w-center algo1
410,48:ee:0c:3e:86:dd,tachlit3,2442,-85,32.10241537,35.208865,688.0,2017-12-03 08:46:06,Approx. w-center algo1
411,3c:52:82:ef:d4:56,DIRECT-55-HP DeskJet 3630 series,2437,-73,32.10214339,35.20913287,688.0,2017-12-03 08:46:12,Approx. w-center algo1
412,1c:b9:c4:15:43:e8,Ariel_University,2412,-75,32.10214339,35.20913287,688.0,2017-12-03 08:46:12,Approx. w-center algo1
413,1c:b9:c4:16:f1:4c,Ariel_University,5180,-84,32.10214339,35.20913287,688.0,2017-12-03 08:46:12,Approx. w-center algo1
414,a0:8c:fd:0a:d5:f5,DIRECT-F4-HP DeskJet 3630 series,2437,-70,32.10207016,35.20934828,688.9999999999999,2017-12-03 08:46:15,Approx. w-center algo1
415,1c:b9:c4:16:04:78,Ariel_University,2462,-72,32.10207016,35.20934828,689.0,2017-12-03 08:46:15,Approx. w-center algo1
416,1c:b9:c4:15:3d:58,Ariel_University,2462,-69,32.10199513,35.20955856,690.0000000000001,2017-12-03 08:46:18,Approx. w-center algo1
417,1c:b9:c4:15:ed:78,Ariel_University,2437,-74,32.10199513,35.20955856,690.0,2017-12-03 08:46:18,Approx. w-center algo1
418,fc:3f:db:9c:36:3d,DIRECT-5C-HP DeskJet 3630 series,2437,-79,32.10199513,35.20955856,690.0,2017-12-03 08:46:18,Approx. w-center algo1
419,1c:b9:c4:95:3d:57,,5180,-82,32.10199513,35.20955856,690.0,2017-12-03 08:46:18,Approx. w-center algo1
420,1c:b9:c4:15:3d:5c,Ariel_University,5180,-82,32.10199513,35.20955856,690.0,2017-12-03 08:46:18,Approx. w-center algo1
421,40:a5:ef:7a:17:f2,2.4V1,2412,-72,32.10354591,35.20988696,697.0,2017-12-03 08:46:48,Approx. w-center algo1
422,1c:b9:c4:15:ed:4c,Ariel_University,5220,-88,32.10482885,35.21140788,690.0,2017-12-03 08:47:27,Approx. w-center algo1
423,1c:b9:c4:15:44:88,Ariel_University,2437,-72,32.10497773,35.21118029,694.0,2017-12-03 08:48:02,Approx. w-center algo1
424,24:79:2a:2b:34:e8,Ariel_University,2412,-90,32.10496904,35.21117792,695.0,2017-12-03 08:49:10,Approx. w-center algo1
425,a0:8c:fd:8c:c5:b2,DIRECT-98-HP DeskJet 3630 series,2437,-92,32.10497406,35.2111867,696.0,2017-12-03 08:49:29,Approx. w-center algo1
426,30:e1:71:0f:b2:6a,DIRECT-69-HP DeskJet 3630 series,2437,-93,32.10497523,35.21118447,698.0,2017-12-03 08:49:32,Approx. w-center algo1
427,1c:b9:c4:15:42:68,Ariel_University,2462,-79,32.10486791,35.21030041,691.0,2017-12-03 08:49:52,Approx. w-center algo1
428,c2:6c:ac:9f:fb:1f,shapedo,2412,-67,32.10465093,35.20984776,688.0,2017-12-03 08:50:01,Approx. w-center algo1
429,90:6c:ac:9f:fb:1f,Guest,2412,-69,32.10465093,35.20984776,688.0,2017-12-03 08:50:01,Approx. w-center algo1
430,a2:6c:ac:9f:fb:1f,Neuropplied,2412,-69,32.10465093,35.20984776,688.0,2017-12-03 08:50:01,Approx. w-center algo1
431,b2:6c:ac:9f:fb:1f,iagree,2412,-69,32.10465093,35.20984776,688.0,2017-12-03 08:50:01,Approx. w-center algo1
432,1c:b9:c4:16:05:38,Ariel_University,2462,-71,32.10465093,35.20984776,688.0,2017-12-03 08:50:01,Approx. w-center algo1
433,d0:bf:9c:db:31:30,HP-Print-30-Officejet 7610,2437,-73,32.10465093,35.20984776,688.0,2017-12-03 08:50:01,Approx. w-center algo1
434,34:8f:27:20:89:b8,Ariel_University,2437,-78,32.10422459,35.20922057,691.0,2017-12-03 08:50:13,Approx. w-center algo1
435,1c:b9:c4:16:1d:78,Ariel_University,2412,-76,32.10393148,35.20893712,691.0,2017-12-03 08:50:19,Approx. w-center algo1
436,1c:b9:c4:15:23:58,Ariel_University,2437,-78,32.10354981,35.20879798,689.0,2017-12-03 08:50:25,Approx. w-center algo1
437,1c:b9:c4:16:13:08,Ariel_University,2462,-80,32.10341775,35.20876448,690.0,2017-12-03 08:50:28,Approx. w-center algo1
438,ec:8c:a2:08:94:18,Ariel_University,2412,-60,32.1030599,35.20876341,693.0,2017-12-03 08:50:35,Approx. w-center algo1
439,1c:b9:c4:16:f1:98,Ariel_University,2462,-72,32.10224576,35.20903931,693.0,2017-12-03 08:50:47,Approx. w-center algo1
440,1c:b9:c4:14:33:c8,Ariel_University,2462,-72,32.10216602,35.21005769,692.0,2017-12-03 08:51:01,Approx. w-center algo1
441,24:79:2a:2c:61:68,Ariel_University,2437,-83,32.10403005,35.21063188,696.0,2017-12-03 08:51:39,Approx. w-center algo1
442,8c:0c:90:2d:34:38,Ariel_University,2462,-75,32.1041076,35.21083187,696.0,2017-12-03 08:51:42,Approx. w-center algo1
443,24:79:2a:2b:24:98,Ariel_University,2412,-81,32.1041076,35.21083187,696.0,2017-12-03 08:51:42,Approx. w-center algo1
444,8c:0c:90:2e:e8:18,Ariel_University,2437,-60,32.10415616,35.21102378,696.0,2017-12-03 08:51:45,Approx. w-center algo1
445,1c:b9:c4:16:e8:f8,Ariel_University,2462,-68,32.10423222,35.21132022,692.0000000000001,2017-12-03 08:51:51,Approx. w-center algo1
446,1c:b9:c4:15:ed:48,Ariel_University,2412,-78,32.10478985,35.21149304,690.0,2017-12-03 08:52:06,Approx. w-center algo1
447,1c:b9:c4:96:2b:e7,,5180,-89,32.10500618141325,35.21121884301277,710.7756189683926,2017-12-03 08:49:18,Approx. w-center algo1
448,1c:b9:c4:94:2b:c7,,5180,-80,32.10503273842479,35.21095317722586,718.3536892001315,2017-12-03 08:49:40,Approx. w-center algo1
449,18:d6:c7:ad:25:1a,,2472,-89,32.10494482726751,35.210446896260514,717.6172124232385,2017-12-03 08:49:48,Approx. w-center algo1
450,00:1a:dd:f5:df:c4,,2437,-89,32.10494482726751,35.210446896260514,717.6172124232385,2017-12-03 08:49:48,Approx. w-center algo1
451,30:b5:c2:b8:40:36,,2472,-91,32.10494482726751,35.210446896260514,717.6172124232385,2017-12-03 08:49:48,Approx. w-center algo1
452,a2:6c:ac:9f:f1:c5,Guest,2417,-76,32.10449391461615,35.20953603111685,716.2447290668007,2017-12-03 08:50:04,Approx. w-center algo1
453,1c:b9:c4:96:1d:77,,5220,-85,32.10377001820289,35.20885655710274,710.364346402885,2017-12-03 08:50:20,Approx. w-center algo1
454,00:02:6f:b8:c4:1a,,2462,-86,32.10377001820289,35.20885655710274,710.364346402885,2017-12-03 08:50:20,Approx. w-center algo1
455,ec:8c:a2:08:78:cc,Ariel_University,5240,-74,32.103551324597895,35.20881247875605,709.081523142935,2017-12-03 08:50:24,Approx. w-center algo1
456,ec:8c:a2:08:94:1c,Ariel_University,5220,-63,32.10339383194768,35.20880240138362,708.4092187832351,2017-12-03 08:50:28,Approx. w-center algo1
457,ec:8c:a2:26:b1:78,Ariel_University,2412,-68,32.10265105623154,35.20882611082573,707.0722987824711,2017-12-03 08:50:40,Approx. w-center algo1
458,1c:b9:c4:16:f4:78,Ariel_University,2412,-71,32.10265105623154,35.20882611082573,707.0722987824711,2017-12-03 08:50:40,Approx. w-center algo1
459,24:79:2a:ab:24:97,,5180,-86,32.10406637837736,35.21063207786472,704.8039142370221,2017-12-03 08:51:39,Approx. w-center algo1
460,c8:be:19:07:77:b9,Bezeq-N_0777b8,2462,-88,32.10413712623305,35.21082446017363,704.7212452331758,2017-12-03 08:51:42,Approx. w-center algo1
461,24:79:2a:2c:61:6c,Ariel_University,5180,-92,32.10413712623305,35.210824460173626,704.7212452331758,2017-12-03 08:51:42,Approx. w-center algo1
462,1c:b9:c4:15:ed:38,Ariel_University,2437,-75,32.104179510720556,35.21101031718229,704.7236120786514,2017-12-03 08:51:45,Approx. w-center algo1
463,1c:b9:c4:95:44:87,,5180,-86,32.10446847374926,35.211472211240284,706.1056553702892,2017-12-03 08:51:57,Approx. w-center algo1
464,74:ea:3a:ad:d1:50,TP-LINK_ADD150,2427,-69,32.10457483,35.20975804,687.0,2017-12-03 08:53:48,Approx. w-center algo1
465,24:79:2a:2c:5b:d8,Ariel_University,2412,-78,32.10448173,35.20960715,687.0,2017-12-03 08:53:51,Approx. w-center algo1
466,90:6c:ac:9f:f1:c5,CliClap,2417,-82,32.10448173,35.20960715,687.0,2017-12-03 08:53:51,Approx. w-center algo1
467,e0:10:7f:1a:bd:98,Ariel_University,2437,-88,32.10376365,35.20883622,686.0,2017-12-03 08:54:09,Approx. w-center algo1
468,1c:b9:c4:16:28:e8,Ariel_University,2412,-65,32.10359721,35.20878096,686.0,2017-12-03 08:54:12,Approx. w-center algo1
469,1c:b9:c4:12:90:b8,Ariel_University,2462,-71,32.10318952,35.20873143,684.0,2017-12-03 08:54:21,Approx. w-center algo1
470,f8:d1:11:77:77:c6,HelpDesk,2427,-70,32.10282362,35.20871899,688.0000000000001,2017-12-03 08:54:27,Approx. w-center algo1
471,1c:b9:c4:16:28:f8,Ariel_University,2437,-73,32.10263124,35.20876629,687.0,2017-12-03 08:54:30,Approx. w-center algo1
472,1c:b9:c4:16:11:a8,Ariel_University,2412,-73,32.10263124,35.20876629,687.0,2017-12-03 08:54:30,Approx. w-center algo1
473,1c:b9:c4:14:2f:68,Ariel_University,2437,-63,32.1022576,35.20894955,688.0,2017-12-03 08:54:36,Approx. w-center algo1
474,1c:b9:c4:15:1e:68,Ariel_University,2412,-80,32.1020322,35.20935702,689.0,2017-12-03 08:54:42,Approx. w-center algo1
475,8c:0c:90:2f:d3:d8,Ariel_University,2462,-78,32.10412387,35.21091349,700.0,2017-12-03 08:55:40,Approx. w-center algo1
476,1c:b9:c4:15:41:78,Ariel_University,2412,-71,32.10418089,35.21118813,699.0,2017-12-03 08:55:45,Approx. w-center algo1
477,1c:b9:c4:95:36:97,,5180,-86,32.105028069933155,35.210961717985285,733.9581295039463,2017-12-03 08:53:26,Approx. w-center algo1
478,1c:b9:c4:16:05:78,Ariel_University,2437,-78,32.10502180505623,35.21080445017316,732.3361104614158,2017-12-03 08:53:29,Approx. w-center algo1
479,1c:b9:c4:15:44:58,Ariel_University,2462,-67,32.104965114154524,35.21047404826016,729.0692564015283,2017-12-03 08:53:35,Approx. w-center algo1
480,00:11:6b:11:7d:c7,yosh,2472,-84,32.10489905072378,35.210299329219126,727.8274746268628,2017-12-03 08:53:38,Approx. w-center algo1
481,24:c9:a1:36:52:d8,Ariel_University,2412,-90,32.10481856308317,35.210123150849206,726.1049342872047,2017-12-03 08:53:41,Approx. w-center algo1
482,8c:0c:90:6f:36:58,,2412,-74,32.10473044157858,35.20995225182547,724.3057769641853,2017-12-03 08:53:44,Approx. w-center algo1
483,1c:b9:c4:15:20:38,Ariel_University,2462,-82,32.10473044157858,35.20995225182547,724.3057769641853,2017-12-03 08:53:44,Approx. w-center algo1
484,90:6c:ac:a0:7b:55,EVE,5260,-73,32.10465583147739,35.209799109729424,721.9074685803262,2017-12-03 08:53:47,Approx. w-center algo1
485,b2:6c:ac:a0:7b:55,magneto,5260,-73,32.10465583147739,35.209799109729424,721.9074685803262,2017-12-03 08:53:47,Approx. w-center algo1
486,a2:6c:ac:a0:7b:55,Guest,5260,-73,32.10465583147739,35.209799109729424,721.9074685803262,2017-12-03 08:53:47,Approx. w-center algo1
487,c2:6c:ac:a0:7b:55,outsense,5260,-73,32.10465583147739,35.209799109729424,721.9074685803262,2017-12-03 08:53:47,Approx. w-center algo1
488,90:6c:ac:a0:60:55,Guest,5180,-82,32.10465583147739,35.209799109729424,721.9074685803262,2017-12-03 08:53:47,Approx. w-center algo1
489,a2:6c:ac:a0:60:55,incentive2,5180,-82,32.10457226286324,35.20965432483015,720.8507320031981,2017-12-03 08:53:50,Approx. w-center algo1
490,24:79:2a:ac:5b:d7,,5180,-82,32.10446828966538,35.20949411679525,720.3330866351894,2017-12-03 08:53:53,Approx. w-center algo1
491,b2:6c:ac:9f:f1:c5,paysday,2417,-82,32.10436740344072,35.20935377518998,719.6690044079556,2017-12-03 08:53:56,Approx. w-center algo1
492,30:e1:71:0d:e0:65,DIRECT-64-HP DeskJet 3630 series,2437,-83,32.10413218735365,35.20905188803037,718.130579391561,2017-12-03 08:54:02,Approx. w-center algo1
493,1c:b9:c4:16:04:7c,Ariel_University,5300,-81,32.10268330356668,35.20874832953735,712.8739433774451,2017-12-03 08:54:29,Approx. w-center algo1
494,1c:b9:c4:16:11:ac,Ariel_University,5220,-83,32.10268330356668,35.20874832953735,712.8739433774451,2017-12-03 08:54:29,Approx. w-center algo1
495,1c:b9:c4:96:11:a7,,5220,-86,32.10268330356668,35.20874832953735,712.8739433774451,2017-12-03 08:54:29,Approx. w-center algo1
496,1c:b9:c4:15:43:ec,Ariel_University,5180,-86,32.10268330356668,35.20874832953735,712.8739433774451,2017-12-03 08:54:29,Approx. w-center algo1
497,1c:b9:c4:14:2c:18,Ariel_University,2412,-75,32.10248349693177,35.20882098023788,712.5622133859032,2017-12-03 08:54:32,Approx. w-center algo1
498,1c:b9:c4:16:28:fc,Ariel_University,5180,-78,32.102306008088725,35.20894833872961,712.0812442120173,2017-12-03 08:54:35,Approx. w-center algo1
499,1c:b9:c4:15:3a:38,Ariel_University,2462,-74,32.101997980514675,35.209597457893295,711.4134449254664,2017-12-03 08:54:44,Approx. w-center algo1
500,1c:b9:c4:95:41:77,,5220,-77,32.10418948012704,35.210997665501345,710.3077738290557,2017-12-03 08:55:42,Approx. w-center algo1
501,3c:1e:04:05:5f:f5,BezeqNGN_009030_2.4GHz_1,2412,-92,32.10428940256148,35.211402560946375,710.8482244560361,2017-12-03 08:55:48,Approx. w-center algo1
502,b2:6c:ac:a0:3d:eb,sinusafe,2422,-72,32.10207407,35.20936037,689.9999999999999,2017-12-03 08:58:13,Approx. w-center algo1
503,90:6c:ac:a0:3d:eb,Guest,2422,-73,32.1026481,35.21000144,699.0,2017-12-03 08:58:28,Approx. w-center algo1
504,1c:b9:c4:14:2b:d8,Ariel_University,2412,-63,32.10312585,35.20969029,704.0,2017-12-03 08:58:43,Approx. w-center algo1
505,ec:8c:a2:08:78:c8,Ariel_University,2437,-75,32.10312585,35.20969029,704.0000000000001,2017-12-03 08:58:43,Approx. w-center algo1
506,c0:bd:d1:d5:8c:55,AndroidAP,2437,-80,32.10312585,35.20969029,704.0,2017-12-03 08:58:43,Approx. w-center algo1
507,d8:5d:4c:9e:69:22,AUC_4_2_24,2412,-75,32.10339504,35.2098035,701.0,2017-12-03 09:03:09,Approx. w-center algo1
508,c0:4a:00:71:ee:ee,Onicom,2452,-81,32.10339504,35.2098035,701.0,2017-12-03 09:03:09,Approx. w-center algo1
509,1c:b9:c4:16:f1:58,Ariel_University,2437,-72,32.10300864,35.20964577,698.0,2017-12-03 09:03:50,Approx. w-center algo1
510,1c:b9:c4:14:2b:88,Ariel_University,2462,-72,32.10298958,35.20965373,700.0,2017-12-03 09:03:53,Approx. w-center algo1
511,3c:52:82:ef:c4:3c,DIRECT-3B-HP DeskJet 3630 series,2437,-61,32.10292495,35.20969313,702.0,2017-12-03 09:03:58,Approx. w-center algo1
512,1c:b9:c4:15:ec:38,Ariel_University,2437,-67,32.10292495,35.20969313,702.0,2017-12-03 09:03:58,Approx. w-center algo1
513,1c:b9:c4:16:ed:3c,Ariel_University,5220,-71,32.10292495,35.20969313,702.0,2017-12-03 09:03:58,Approx. w-center algo1
514,1c:b9:c4:14:30:38,Ariel_University,2412,-65,32.10285414,35.20973329,702.0,2017-12-03 09:04:04,Approx. w-center algo1
515,1c:b9:c4:14:2c:38,Ariel_University,2437,-70,32.10266129,35.20988707,696.0,2017-12-03 09:04:20,Approx. w-center algo1
516,1c:b9:c4:16:ee:98,Ariel_University,2437,-73,32.10261559,35.20995369,698.0,2017-12-03 09:04:26,Approx. w-center algo1
517,1c:b9:c4:15:3d:68,Ariel_University,2437,-78,32.10261559,35.20995369,698.0,2017-12-03 09:04:26,Approx. w-center algo1
518,30:e1:71:0d:e0:63,DIRECT-61-HP DeskJet 3630 series,2437,-79,32.10324284,35.20974432,704.0,2017-12-03 09:05:27,Approx. w-center algo1
519,1c:b9:c4:15:ed:b8,IT-MNG,2412,-82,32.10339224,35.20978577,704.0,2017-12-03 09:05:39,Approx. w-center algo1
520,a0:8c:fd:0a:24:56,DIRECT-13-HP DeskJet 3630 series,2437,-76,32.10346602,35.2098239,704.0,2017-12-03 09:05:45,Approx. w-center algo1
521,1c:b9:c4:16:ed:48,Ariel_University,2437,-81,32.10353221,35.20987906,705.0,2017-12-03 09:05:51,Approx. w-center algo1
522,3c:52:82:ef:a4:8b,DIRECT-8A-HP DeskJet 3630 series,2437,-80,32.10360427,35.20993338,705.0,2017-12-03 09:05:57,Approx. w-center algo1
523,1c:b9:c4:16:06:bc,Ariel_University,5240,-67,32.10383605,35.21021258,707.9999999999999,2017-12-03 09:06:21,Approx. w-center algo1
524,60:e3:27:7b:e0:98,HelpDesk,2427,-79,32.10384447,35.21022668,708.0,2017-12-03 09:06:31,Approx. w-center algo1
525,1c:b9:c4:16:06:b8,Ariel_University,2462,-63,32.10381301,35.21016707,708.0,2017-12-03 09:06:35,Approx. w-center algo1
526,24:79:2a:2c:5c:18,Ariel_University,2462,-65,32.10381301,35.21016707,708.0,2017-12-03 09:06:35,Approx. w-center algo1
527,24:79:2a:2c:5c:1c,Ariel_University,5180,-76,32.10381301,35.21016707,708.0,2017-12-03 09:06:35,Approx. w-center algo1
528,24:79:2a:2b:02:78,Ariel_University,2437,-80,32.10381301,35.21016707,708.0,2017-12-03 09:06:35,Approx. w-center algo1
529,3c:52:82:ef:d4:52,DIRECT-51-HP DeskJet 3630 series,2437,-72,32.103659,35.20995718,704.0,2017-12-03 09:06:51,Approx. w-center algo1
530,1c:b9:c4:16:e5:a8,Ariel_University,2437,-76,32.1034255,35.20978696,702.0,2017-12-03 09:07:13,Approx. w-center algo1
531,1c:b9:c4:15:ed:bc,IT-MNG,5240,-85,32.1034255,35.20978696,702.0,2017-12-03 09:07:13,Approx. w-center algo1
532,1c:b9:c4:12:af:78,Ariel_University,2462,-60,32.10294016,35.20970331,702.0,2017-12-03 09:08:14,Approx. w-center algo1
533,1c:b9:c4:16:ed:38,Ariel_University,2437,-62,32.10283849,35.20974618,701.0,2017-12-03 09:08:21,Approx. w-center algo1
534,c4:12:f5:f6:a0:18,lab_6.1.3,2422,-72,32.10239413,35.21004364,698.0,2017-12-03 09:08:57,Approx. w-center algo1
535,1c:b9:c4:94:2c:37,,5260,-74,32.10273382,35.20986429,694.0,2017-12-03 09:09:38,Approx. w-center algo1
536,e4:95:6e:40:87:1a,OOP_course,2412,-12,32.10298811526831,35.20966517514508,702.0409029813914,2017-12-03 09:01:37,Approx. w-center algo1
537,1c:b9:c4:96:ed:37,,5220,-77,32.10302100154479,35.20966614792174,702.8930705114926,2017-12-03 09:02:34,Approx. w-center algo1
538,1c:b9:c4:95:1c:b7,,5180,-90,32.10303985479879,35.20968826555523,703.11594160034,2017-12-03 09:02:43,Approx. w-center algo1
539,1c:b9:c4:94:2b:87,,5220,-88,32.10337113537652,35.209710253406485,704.1006958412728,2017-12-03 09:03:07,Approx. w-center algo1
540,1c:b9:c4:96:ed:47,,5180,-91,32.103422735825944,35.2097119010955,704.24502290678,2017-12-03 09:03:10,Approx. w-center algo1
541,1c:b9:c4:95:ed:b7,,5240,-92,32.103422735825944,35.2097119010955,704.24502290678,2017-12-03 09:03:10,Approx. w-center algo1
542,1c:b9:c4:96:f1:57,,5260,-82,32.10340998113717,35.209694768890756,704.4103268040734,2017-12-03 09:03:13,Approx. w-center algo1
543,1c:b9:c4:15:1c:b8,Ariel_University,2412,-75,32.10332786597918,35.20965551102127,704.8397895237059,2017-12-03 09:03:19,Approx. w-center algo1
544,1c:b9:c4:14:2b:8c,Ariel_University,5220,-82,32.10332786597918,35.20965551102127,704.8397895237058,2017-12-03 09:03:19,Approx. w-center algo1
545,1c:b9:c4:12:af:7c,Ariel_University,5200,-72,32.10296650575114,35.20968182189735,706.9104159830141,2017-12-03 09:03:57,Approx. w-center algo1
546,1c:b9:c4:92:af:77,,5200,-72,32.10296650575114,35.20968182189735,706.9104159830141,2017-12-03 09:03:57,Approx. w-center algo1
547,1c:b9:c4:15:ec:3c,Ariel_University,5180,-77,32.10296650575114,35.20968182189735,706.910415983014,2017-12-03 09:03:57,Approx. w-center algo1
548,00:1d:aa:81:d8:3c,KCG-ADSL,2422,-62,32.10278211645307,35.20974214753134,707.5329741136802,2017-12-03 09:04:09,Approx. w-center algo1
549,1c:b9:c4:96:ee:97,,5180,-85,32.10275085292877,35.20975955894632,707.6527664802024,2017-12-03 09:04:12,Approx. w-center algo1
550,02:21:5c:af:69:82,DIRECT-IRDESKTOP-ETE41T5msTU,5180,-90,32.10262449933767,35.20987440650553,707.9141706050168,2017-12-03 09:04:24,Approx. w-center algo1
551,00:18:25:12:72:f0,Coolnet-Hotspot,2442,-92,32.102838751582816,35.209782211668895,708.2738390199131,2017-12-03 09:04:45,Approx. w-center algo1
552,1c:b9:c4:15:fd:4c,Ariel_University,5180,-83,32.10351072327457,35.20990554493647,710.4194107445186,2017-12-03 09:05:55,Approx. w-center algo1
553,24:79:2a:2b:07:bc,Ariel_University,5180,-85,32.10369861480585,35.21017541181782,710.7485234469889,2017-12-03 09:06:16,Approx. w-center algo1
554,24:79:2a:ab:bd:87,,5220,-84,32.103724904733575,35.21020742379761,710.7830608193167,2017-12-03 09:06:19,Approx. w-center algo1
555,24:79:2a:ab:07:b7,,5180,-87,32.103724904733575,35.21020742379761,710.7830608193167,2017-12-03 09:06:19,Approx. w-center algo1
556,24:79:2a:2b:bd:8c,Ariel_University,5220,-83,32.103754328139765,35.21024296825823,710.8162814862263,2017-12-03 09:06:22,Approx. w-center algo1
557,1c:b9:c4:96:e5:a7,,5180,-90,32.10381009568773,35.21028362142391,710.9061260906689,2017-12-03 09:06:31,Approx. w-center algo1
558,24:79:2a:2b:07:b8,Ariel_University,2462,-77,32.103804451692376,35.210254888699964,710.9347988784789,2017-12-03 09:06:34,Approx. w-center algo1
559,24:79:2a:ac:5c:17,,5180,-85,32.103804451692376,35.210254888699964,710.9347988784789,2017-12-03 09:06:34,Approx. w-center algo1
560,24:79:2a:2b:bd:88,Ariel_University,2462,-72,32.103796488351406,35.21022896658198,710.9625734578337,2017-12-03 09:06:37,Approx. w-center algo1
561,1c:b9:c4:15:1c:bc,Ariel_University,5180,-84,32.10371197783737,35.21003935734618,711.0753764021061,2017-12-03 09:06:49,Approx. w-center algo1
562,1c:b9:c4:15:fd:48,Ariel_University,2412,-71,32.103633107895774,35.209948179237934,711.2034653404863,2017-12-03 09:06:58,Approx. w-center algo1
563,1c:b9:c4:16:f1:5c,Ariel_University,5260,-75,32.10347765964358,35.209844645257576,711.4208310564215,2017-12-03 09:07:10,Approx. w-center algo1
564,1c:b9:c4:96:f4:77,,5180,-81,32.10328866514529,35.20980399820012,711.6736975036425,2017-12-03 09:07:25,Approx. w-center algo1
565,1c:b9:c4:95:ec:37,,5180,-78,32.10290399031027,35.20969100791368,712.2357761961763,2017-12-03 09:08:16,Approx. w-center algo1
566,1c:b9:c4:95:3a:37,,5220,-80,32.10238084673325,35.21000653997084,712.1937426685497,2017-12-03 09:08:58,Approx. w-center algo1
567,1c:b9:c4:95:1e:67,,5180,-83,32.10238084673325,35.21000653997084,712.1937426685497,2017-12-03 09:08:58,Approx. w-center algo1
568,1c:b9:c4:15:1e:6c,Ariel_University,5180,-83,32.10238084673325,35.21000653997084,712.1937426685497,2017-12-03 09:08:58,Approx. w-center algo1
569,1c:b9:c4:15:3d:6c,Ariel_University,5220,-84,32.10246120400514,35.209976991172944,711.9289257491877,2017-12-03 09:09:21,Approx. w-center algo1
570,1c:b9:c4:14:2c:3c,Ariel_University,5260,-67,32.102689713395726,35.209867804165086,711.8977402734589,2017-12-03 09:09:37,Approx. w-center algo1
571,30:e1:71:0f:a2:49,DIRECT-47-HP DeskJet 3630 series,2437,-79,32.102689713395726,35.209867804165086,711.8977402734589,2017-12-03 09:09:37,Approx. w-center algo1
572,2a:56:5a:9e:2e:ce,DIRECT-ce-HP M426 LaserJet,2437,-77,32.10273836386316,35.209856687440386,711.9071836194796,2017-12-03 09:09:40,Approx. w-center algo1
