Time,ID,LAT,LON,ALT,"#WiFi networks",SSID1,MAC1,Frequncy1,Signal1,SSID2,MAC2,Frequncy2,Signal2,SSID3,MAC3,Frequncy3,Signal3,SSID4,MAC4,Frequncy4,Signal4,SSID5,MAC5,Frequncy5,Signal5,SSID6,MAC6,Frequncy6,Signal6,SSID7,MAC7,Frequncy7,Signal7,SSID8,MAC8,Frequncy8,Signal8,SSID9,MAC9,Frequncy9,Signal9,SSID10,MAC10,Frequncy10,Signal10
01/12/2017 10:46,NRD90M.G950FXXU1AQJ5,32.17243468,34.81311269,26.95797609,1,sellahome,d8:fb:5e:17:47:f8,2452,-73
2017-12-01 10:44:16,PB2-690Y_S200032_161214,32.17121725,34.81159343,41.0,1,DAVID,d8:fb:5e:17:1b:d6,2462,-96
2017-12-01 10:51:19,PB2-690Y_S200032_161214,32.16937301,34.81072683,27.0,1,forestisthebest,c8:d7:19:d4:7c:73,2437,-93
2017-12-01 10:59:26,PB2-690Y_S200032_161214,32.17110715,34.81295,41.0,1,sirocco_2.4o,14:cc:20:09:3c:b9,2462,-83
2017-12-01 10:50:59,NRD90M.G950FXXU1AQJ5,32.16988410573102,34.81092582224991,30.446072012812692,2,Neeman2.4,20:0c:c8:1d:c8:2b,2412,-78,oved-main_2EX,74:da:38:97:66:9d,2437,-78
2017-12-01 10:50:54,PB2-690Y_S200032_161214,32.17022989,34.81107053,29.0,1,shlomi,d8:5d:4c:d9:c4:68,2412,-77
01/12/2017 10:44,NRD90M.G950FXXU1AQJ5,32.17217553,34.81201239,29.32418163,2,Helen.,a0:ab:1b:57:cd:42,2457,-79,U2I8L1M0X42,54:64:d9:66:29:ef,2462,-85
2017-12-01 10:50:14,NRD90M.G950FXXU1AQJ5,32.17254564957508,34.81226897382831,31.618010387253292,1,varda,c4:12:f5:85:27:c2,2412,-86
01/12/2017 10:45,NRD90M.G950FXXU1AQJ5,32.17025776,34.81246927,26.04270934,3,ter123,70:4d:7b:0c:89:50,2437,-72,klaiman,a0:ab:1b:62:0d:fc,2417,-78,HOTBOX-62EF,d8:fb:5e:17:62:f5,2412,-80
2017-12-01 10:43:52,PB2-690Y_S200032_161214,32.17255033,34.81224372,51.0,1,varda,c4:12:f5:85:27:c2,2412,-95
2017-12-01 10:57:17,NRD90M.G950FXXU1AQJ5,32.16883769901991,34.81174537287164,26.96056003278366,3,LRWN,ec:8c:a2:09:dd:48,2462,-74,"  InnovationEndeavors",74:da:38:a9:1c:df,2417,-88,HOTFiber-400D,b4:ee:b4:36:dd:b9,2437,-89
01/12/2017 10:44,NRD90M.G950FXXU1AQJ5,32.1705249,34.8112437,28.48330591,5,HOTFiber-A53E,7c:b7:33:a1:7e:98,2437,-80,rdk,e4:d3:f1:9a:81:60,2472,-85,RDK,58:b6:33:34:81:a8,2412,-85,RDK,58:b6:33:34:ae:f8,2462,-85,dlink,40:9b:cd:11:2f:88,5220,-92
2017-12-01 10:58:23,NRD90M.G950FXXU1AQJ5,32.17107862941617,34.81330158971711,28.915995433589472,2,Yotam _ work _ room,d8:5d:4c:d1:4d:b0,2452,-68,tal,90:8d:78:54:22:a2,2412,-87
2017-12-01 10:58:08,PB2-690Y_S200032_161214,32.17039308,34.81356425,37.0,4,Daizad,e8:cc:18:ac:1a:52,2442,-72,Is,16:0c:c3:ee:27:39,2437,-83,HOTBOX-F028,00:78:9e:fa:6f:c3,2412,-85,Beni,c4:12:f5:f4:82:42,2452,-96
2017-12-01 11:00:32,NRD90M.G950FXXU1AQJ5,32.17005164614875,34.812397786519114,29.977980536112952,3,klaiman,a0:ab:1b:62:0d:fc,2417,-83,LRWN,0c:f4:d5:29:a2:9c,5180,-89,HOTBOX-651B,54:64:d9:5f:59:83,2412,-92
2017-12-01 10:58:05,PB2-690Y_S200032_161214,32.17021581,34.81353649,37.0,1,Pantum-AP-9DDCCB,28:f3:66:9d:dc:cb,2462,-84
2017-12-01 10:57:02,NRD90M.G950FXXU1AQJ5,32.16878253500298,34.81061687133246,27.49950646026102,3,Candan,c0:ff:d4:7b:82:30,2412,-89,INGENEO,cc:b2:55:e8:4c:e6,2437,-91,DIRECT-a8-HP M477 LaserJet,aa:6b:ad:04:c6:a8,2412,-91
01/12/2017 10:43,NRD90M.G950FXXU1AQJ5,32.17241155,34.81318689,25.94180198,1,DIR-825-4f83,80:26:89:0d:4f:84,2412,-66
2017-12-01 10:45:16,PB2-690Y_S200032_161214,32.16898017,34.81188912,37.0,1,SE-WiFi-Employees,70:4c:a5:20:be:18,2412,-94
2017-12-01 10:45:43,PB2-690Y_S200032_161214,32.17062502,34.81264159,42.0,3,UFI_UF230_B3F,00:0b:6c:4d:1b:3f,2437,-63,hot,00:1c:10:09:4f:bc,2422,-77,Oded,14:cc:20:76:b8:2a,2462,-89
2017-12-01 10:51:07,PB2-690Y_S200032_161214,32.16957488,34.81078619,23.0,1,Ronizyc1,48:ee:0c:39:f9:15,2432,-92
2017-12-01 10:50:05,NRD90M.G950FXXU1AQJ5,32.17244003231061,34.81291470608912,31.60427366454716,2,DIR-825-4f83,80:26:89:0d:4f:84,2412,-68,DIR-825-4f83,80:26:89:0d:4f:84,2412,-77
2017-12-01 10:57:26,NRD90M.G950FXXU1AQJ5,32.16927107246911,34.81201044802282,27.21999505256496,3,Fuck Off Yourself,16:ae:db:c1:ae:55,2452,-79,Fuck Off ext,a4:2b:b0:e0:3a:01,2462,-80,Mheta_AP,86:2a:a8:eb:a9:60,2437,-90
2017-12-01 10:51:26,NRD90M.G950FXXU1AQJ5,32.16935940800852,34.81072496254775,30.402558717210276,1,forestisthebest,c8:d7:19:da:03:16,2437,-54
2017-12-01 10:45:01,PB2-690Y_S200032_161214,32.16870873,34.81074499,37.0,1,A-Home,00:25:86:b1:6f:f8,2437,-81
2017-12-01 11:00:31,PB2-690Y_S200032_161214,32.1699094,34.81230743,38.0,1,Mehta_Up,f8:d1:11:b8:3b:7e,2437,-93
2017-12-01 10:58:17,NRD90M.G950FXXU1AQJ5,32.17098714928447,34.81362985551846,28.81880764900309,1,HOTBOX111,c0:ac:54:f7:3c:c2,2412,-87
2017-12-01 10:49:21,PB2-690Y_S200032_161214,32.17228106,34.81440381,51.0,1,Zvi_2.4,10:5a:f7:0f:d5:32,2462,-91
01/12/2017 10:44,NRD90M.G950FXXU1AQJ5,32.17188758,34.81190852,29.63853148,1,Liza,8c:59:c3:ea:db:4a,2412,-78
2017-12-01 10:51:13,PB2-690Y_S200032_161214,32.16940059,34.81073707,24.0,1,dlink-A09C,ac:f1:df:76:a0:9c,2462,-94
2017-12-01 10:49:29,NRD90M.G950FXXU1AQJ5,32.172250875103074,34.81436692415887,25.869143128974688,1,love,14:ae:db:58:73:75,2412,-78
2017-12-01 10:59:20,PB2-690Y_S200032_161214,32.17108532,34.81338487,43.0,1,My_Internet,fc:75:16:2e:5a:47,2457,-81
2017-12-01 10:51:20,NRD90M.G950FXXU1AQJ5,32.16935940800852,34.81072496254775,30.410277054761934,1,spielman,7c:b7:33:2b:c4:52,2412,-81
2017-12-01 10:44:25,PB2-690Y_S200032_161214,32.1707657,34.81134771,39.0,2,home,00:13:d4:0f:f3:ba,2412,-88,Guymic,14:ae:db:b7:99:2d,2437,-95
2017-12-01 11:01:07,PB2-690Y_S200032_161214,32.17226238,34.81302647,39.0,1,DIR-825-4f83,80:26:89:0d:4f:84,2412,-76
01/12/2017 10:43,NRD90M.G950FXXU1AQJ5,32.17226522,34.81421445,22.81899152,1,KarvatB0.5,14:ae:db:cc:ed:6d,5240,-89
2017-12-01 10:59:41,PB2-690Y_S200032_161214,32.1703328,34.8124744,40.0,1,hot,00:14:bf:42:7e:96,2452,-88
2017-12-01 10:53:11,NRD90M.G950FXXU1AQJ5,32.16935940800852,34.81072496254775,29.810774319909903,1,KaymeraDev,00:f6:63:15:58:81,2412,-84
01/12/2017 10:43,NRD90M.G950FXXU1AQJ5,32.17225202,34.81439189,17.18081812,1,angela,80:1f:02:f5:d8:e8,2412,-89
2017-12-01 10:53:44,NRD90M.G950FXXU1AQJ5,32.16935940800852,34.81072496254775,29.548431945777384,1,KaymeraDev,00:f6:63:15:58:81,2412,-78
01/12/2017 10:43,NRD90M.G950FXXU1AQJ5,32.17223802,34.81444473,10.58036115,1,Efrat,b4:ee:b4:86:c0:f1,2462,-74
01/12/2017 10:43,NRD90M.G950FXXU1AQJ5,32.17244042,34.81295646,26.35851917,1,DIR-825-4f83,80:26:89:0d:4f:84,2412,-57
2017-12-01 10:54:41,NRD90M.G950FXXU1AQJ5,32.16935940800852,34.81072496254775,29.2667725415671,1,oved-main,74:da:39:54:b8:1d,2437,-64
2017-12-01 10:59:41,NRD90M.G950FXXU1AQJ5,32.170302961492325,34.81249258786661,30.932706346899515,1,ter123,70:4d:7b:0c:89:50,2437,-83
2017-12-01 10:50:21,PB2-690Y_S200032_161214,32.17226944,34.81201158,41.0,2,varda,c4:12:f5:85:27:c2,2412,-83,varda_HD,c4:12:f5:85:27:c1,5300,-88
2017-12-01 10:50:47,NRD90M.G950FXXU1AQJ5,32.17061250500982,34.81130191879183,30.49189808903073,1,Gana7_2GExt,64:d9:54:e4:95:37,2432,-88
01/12/2017 10:44,NRD90M.G950FXXU1AQJ5,32.1711391,34.81159471,29.49858976,1,DAVID,d8:fb:5e:17:1b:d6,2462,-92
2017-12-01 11:01:01,PB2-690Y_S200032_161214,32.1718612,34.81297848,39.0,2,Oded,14:cc:20:76:b8:2a,2462,-87,HOTBOX-747B,e8:d1:1b:72:74:81,2412,-91
2017-12-01 10:53:47,NRD90M.G950FXXU1AQJ5,32.16935940800852,34.81072496254775,29.526404101045063,1,spielman,7c:b7:33:2b:c4:52,2412,-73
2017-12-01 10:44:07,PB2-690Y_S200032_161214,32.1716947,34.81179424,42.0,2,Ben Ami_2.4,c4:04:15:60:6a:b5,2462,-77,Hilush111,6c:b0:ce:2f:43:36,2412,-92
2017-12-01 10:50:20,NRD90M.G950FXXU1AQJ5,32.17229408710547,34.812042356198646,31.564860016164797,1,Helen.,a0:ab:1b:57:cd:42,2457,-74
2017-12-01 10:44:43,PB2-690Y_S200032_161214,32.16968089,34.81083325,37.0,1,Alpha125,30:b5:c2:e0:55:9c,2437,-82
2017-12-01 10:58:23,PB2-690Y_S200032_161214,32.17105532,34.81334185,40.0,3,Yotam _ work _ room,d8:5d:4c:d1:4d:b0,2452,-75,yotam17,f8:ab:05:e9:6d:3d,2457,-81,Yotam_Shir,00:26:5a:24:f4:f0,2447,-90
2017-12-01 10:44:34,PB2-690Y_S200032_161214,32.17027335,34.81109365,38.0,1,devolo-0f4,30:d3:2d:37:20:f4,2437,-88
2017-12-01 10:44:56,PB2-690Y_S200032_161214,32.16883715,34.81052111,38.0,4,Oberyn Martell,18:d6:c7:fb:1c:0e,2447,-79,INGENEO,cc:b2:55:e8:4c:e6,2437,-87,simon,e4:6f:13:73:0a:c2,2447,-89,HTC,06:c2:3e:e4:21:85,2427,-92
01/12/2017 10:44,NRD90M.G950FXXU1AQJ5,32.1713402,34.81169556,29.78929958,2,mika1,c4:12:f5:fb:c0:3e,2412,-82,donush,c0:ac:54:f5:b7:f2,2412,-87
2017-12-01 10:50:32,NRD90M.G950FXXU1AQJ5,32.17154067297358,34.811768201385796,31.186797226280795,1,varda,c4:12:f5:85:27:c2,2412,-88
2017-12-01 10:43:49,PB2-690Y_S200032_161214,32.17253749,34.81242555,48.0,1,HOTBOX1234,00:78:9e:f9:f5:5b,2412,-82
01/12/2017 10:45,NRD90M.G950FXXU1AQJ5,32.17125708,34.81291128,25.50918947,1,yotam17,f8:ab:05:e9:6d:3d,2457,-85
2017-12-01 10:44:37,PB2-690Y_S200032_161214,32.17009476,34.81099899,37.0,3,devolo-0f4,30:d3:2d:37:20:f4,2437,-80,Neeman2.4,20:0c:c8:1d:c8:2b,2412,-87,Bezeq Free F026CC,6a:0c:c8:1d:c8:28,2412,-87
2017-12-01 10:59:29,PB2-690Y_S200032_161214,32.17106862,34.81283207,36.0,1,DIR-825-4f83,80:26:89:0d:4f:84,2412,-91
2017-12-01 10:57:14,NRD90M.G950FXXU1AQJ5,32.16878953124043,34.81154567298425,26.885456221515238,1,LRWN,ec:8c:a2:09:dd:48,2462,-86
2017-12-01 10:58:02,PB2-690Y_S200032_161214,32.17004926,34.81351135,36.0,1,shmulik,d0:d4:12:64:05:12,2462,-80
2017-12-01 10:58:29,PB2-690Y_S200032_161214,32.17110218,34.81293682,39.0,2,044870715,14:ae:db:b7:ab:ad,2437,-85,yotam17,7c:b7:33:ea:b8:ff,2457,-93
2017-12-01 11:00:19,PB2-690Y_S200032_161214,32.16902986,34.81190459,33.0,1,Fuck Off,14:cc:20:da:ab:9a,2462,-77
2017-12-01 10:58:20,NRD90M.G950FXXU1AQJ5,32.17106789784238,34.81350325265134,28.866614638393763,3,My_Internet,fc:75:16:2e:5a:47,2457,-77,MNP_HOME_2.4GHz_1,04:a1:51:e0:5f:ee,2437,-85,test012,00:12:2a:d2:0c:38,2412,-88
01/12/2017 10:43,NRD90M.G950FXXU1AQJ5,32.17234852,34.81363859,24.55807198,1,Bezeq Free GA32E3,52:b0:ce:ac:32:98,2412,-80
2017-12-01 10:58:50,PB2-690Y_S200032_161214,32.17027834,34.81274376,40.0,3,edimax.setup,74:da:38:c6:57:9b,2452,-71,TP-LINK_E3CA,84:16:f9:e4:e3:ca,2452,-77,frank,e8:94:f6:e2:6e:4b,2437,-80
2017-12-01 10:57:19,PB2-690Y_S200032_161214,32.16885258,34.81180676,32.0,1,LRWN,ec:8c:a2:09:dd:48,2462,-59
2017-12-01 10:58:44,PB2-690Y_S200032_161214,32.17041608,34.81251639,41.0,2,UFI_UF230_B3F,00:0b:6c:4d:1b:3f,2437,-69,hot,00:1c:10:09:4f:bc,2422,-71
01/12/2017 10:42,NRD90M.G950FXXU1AQJ5,32.17224246,34.81444894,7.777438959,1,HOTBOX-D88A,c0:ac:54:f5:b4:c9,2412,-92
01/12/2017 10:44,NRD90M.G950FXXU1AQJ5,32.16882317,34.81054405,27.11526685,6,RS_GUEST,ec:08:6b:38:0d:dd,2467,-85,RS_GUEST_5G,ec:08:6b:38:0d:dc,5220,-89,DIRECT-F4-HP DeskJet 3830 series,c8:d3:ff:57:60:f5,2412,-89,simon,e4:6f:13:73:0a:c2,2447,-89,HTC,06:c2:3e:e4:21:85,2427,-89,KaymeraDev,00:f6:63:15:58:8e,5180,-92
2017-12-01 10:44:46,PB2-690Y_S200032_161214,32.16947978,34.81075792,37.0,3,Bezeq Free T00C36,5a:0c:c8:0f:21:90,2412,-92,BezeqFree,62:ee:0c:39:f9:16,2432,-94,ELCHARAR_2.4,20:0c:c8:0f:21:93,2412,-95
2017-12-01 10:58:26,NRD90M.G950FXXU1AQJ5,32.17110086640514,34.813083395926654,28.87277115238635,7,nurit,a0:4f:d4:45:1f:a1,2412,-78,sirocco_2.4o,c4:e9:84:83:1a:0a,2462,-79,tal,90:8d:78:54:22:a2,2412,-79,044870715,14:ae:db:b7:ab:ad,2437,-81,tal2,90:8d:78:54:22:a1,5300,-84,sirocco_2.4o,14:cc:20:09:3c:b9,2462,-86,DIRECT-75-HP DeskJet 4670 series,b0:5a:da:fa:44:76,2437,-87
2017-12-01 10:58:38,PB2-690Y_S200032_161214,32.17074241,34.81267377,40.0,5,Oded,14:cc:20:76:b8:2a,2462,-70,HP-Print-AF-Officejet Pro 6830,28:80:23:40:5f:af,2437,-71,HOTBOX-2017,c0:ac:54:f5:7d:bd,2462,-72,TP-LINK_76C08E,14:cc:20:76:c0:8e,2412,-90,Laufer-wifi,4c:60:de:51:8b:ca,2462,-93
2017-12-01 10:59:20,NRD90M.G950FXXU1AQJ5,32.1711226542225,34.81334830357392,30.374327846195634,2,yotam17,f8:ab:05:e9:6d:3d,2457,-78,Yotam_Shir,00:26:5a:24:f4:f0,2447,-87
2017-12-01 11:00:38,NRD90M.G950FXXU1AQJ5,32.1704760444708,34.812577158369976,29.67313485345308,3,ter123,70:4d:7b:0c:89:50,2437,-75,UFI_UF230_B3F,00:0b:6c:4d:1b:3f,2437,-81,hot,00:1c:10:09:4f:bc,2422,-84
2017-12-01 10:50:36,PB2-690Y_S200032_161214,32.17134232,34.81165241,37.0,3,maya salon,c4:a8:1d:12:df:c5,2412,-89,@Cafe,52:a8:1d:12:df:c4,2412,-92,luxynet,00:c0:02:0a:c6:c2,2442,-93
2017-12-01 10:50:45,PB2-690Y_S200032_161214,32.1708157,34.81137225,32.0,2,Gana7_2GExt,64:d9:54:e4:95:37,2432,-90,Gana7,48:ee:0c:3c:30:1e,2432,-93
2017-12-01 10:44:40,PB2-690Y_S200032_161214,32.16988722,34.81091198,37.0,6,Neeman2.4,20:0c:c8:1d:c8:2b,2412,-81,Bezeq Free F026CC,6a:0c:c8:1d:c8:28,2412,-81,HP-Print-20-Deskjet 4640 series,fc:15:b4:65:09:20,2412,-83,HOTBOX12,d8:fb:5e:17:62:4d,2412,-87,oved-main,74:da:3a:97:66:9e,2437,-87,HOTBOX-2E6E,c0:ac:54:f7:27:42,2462,-93
2017-12-01 10:59:59,NRD90M.G950FXXU1AQJ5,32.169027594463216,34.81191817927795,29.88889813438273,1,HOTBOX-651B,54:64:d9:5f:59:83,2412,-77
2017-12-01 10:45:32,PB2-690Y_S200032_161214,32.16994827,34.81233913,41.0,10,TUCHLER,00:26:5a:69:94:e3,2437,-81,landau,74:da:38:14:4b:88,2462,-81,"  InnovationEndeavors",74:da:38:a9:1c:df,2417,-83,klaiman,a0:ab:1b:62:0d:fc,2417,-86,Astra,00:21:63:4d:73:31,2437,-86,Mehta_Up,f8:d1:11:b8:3b:7e,2437,-87,BezeqFree,5a:ab:1b:62:0d:fd,2417,-87,UFI_UF230_B3F,00:0b:6c:4d:1b:3f,2437,-89,HOTBOX-8156,b4:ee:b4:a7:81:5c,2412,-92,Candan,c0:ff:d4:7b:82:30,2412,-93
2017-12-01 11:00:05,PB2-690Y_S200032_161214,32.16887831,34.8118695,35.0,2,Mehta_Up,f8:d1:11:b8:3b:7e,2437,-86,HOTBOX-8156,b4:ee:b4:a7:81:5c,2412,-93
2017-12-01 10:50:53,NRD90M.G950FXXU1AQJ5,32.17023774400125,34.811098338566204,30.62847275857126,1,stephane,00:24:2b:cf:13:21,2412,-82
2017-12-01 10:58:05,NRD90M.G950FXXU1AQJ5,32.17025406565039,34.813537076757704,29.467349061309914,1,orange,00:21:04:e7:95:da,2412,-74
01/12/2017 10:45,NRD90M.G950FXXU1AQJ5,32.16978401,34.81225704,26.41969286,4,arama,80:1f:02:36:04:d0,2462,-81,hilda,00:30:4f:91:36:07,2437,-89,Astra,00:21:63:4d:73:31,2437,-92,BezeqFree,5a:ab:1b:62:0d:fd,2417,-93
2017-12-01 10:44:49,PB2-690Y_S200032_161214,32.1692751,34.81066887,38.0,2,BezeqNGN_001489_2.4GHz_1,c0:a0:bb:cb:59:5b,2412,-73,netbox,d0:d4:12:65:19:a2,2412,-96
2017-12-01 10:44:52,PB2-690Y_S200032_161214,32.16907519,34.81060214,38.0,5,forestisthebest,c8:d7:19:da:03:16,2437,-78,spielman,f4:f2:6d:34:56:54,2412,-79,KaymeraDev,00:f6:63:15:58:81,2412,-86,KaymeraGuest,00:f6:63:15:58:82,2412,-86,HP-Print-C1-Deskjet 4640 series,28:80:23:f6:e0:c1,2462,-87
2017-12-01 10:55:10,PB2-690Y_S200032_161214,32.16935676,34.81068889,29.0,1,BezeqFree,62:be:f5:40:26:83,2457,-96
2017-12-01 10:58:20,PB2-690Y_S200032_161214,32.1710485,34.81352307,40.0,4,MNP_HOME_2.4GHz_1,04:a1:51:e0:5f:ee,2437,-81,test012,00:12:2a:d2:0c:38,2412,-87,My_Internet,fc:75:16:2e:5a:47,2457,-88,nurit,a0:4f:d4:45:1f:a1,2412,-95
2017-12-01 10:58:08,NRD90M.G950FXXU1AQJ5,32.17042884309843,34.81356387819144,29.626149949895638,2,HOTBOX-F028,18:1e:78:86:03:15,2412,-76,HOTBOX-F028,00:78:9e:fa:6f:c3,2412,-80
2017-12-01 10:44:04,PB2-690Y_S200032_161214,32.17191211,34.81189708,44.0,2,Ben Ami_2.4,c4:04:15:60:6a:b5,2462,-84,Shani - Green,54:b8:0a:34:68:90,2437,-95
2017-12-01 11:01:10,PB2-690Y_S200032_161214,32.17239057,34.81308783,38.0,1,DIR-825-4f83,80:26:89:0d:4f:84,2412,-70
2017-12-01 10:59:02,NRD90M.G950FXXU1AQJ5,32.17024204862788,34.813533118254576,29.09677084835438,2,ter123,70:4d:7b:0c:89:50,2437,-88,Daizad,e8:cc:18:ac:1b:e1,2422,-90
2017-12-01 11:00:34,NRD90M.G950FXXU1AQJ5,32.17019624834832,34.81245570309557,29.861150924216155,1,frank,e8:94:f6:e2:6e:4b,2437,-65
2017-12-01 10:51:14,NRD90M.G950FXXU1AQJ5,32.16935940800852,34.81072496254775,30.408083632363006,1,edimax_5G_A9241C,74:da:38:a9:24:1c,5200,-82
2017-12-01 10:57:58,PB2-690Y_S200032_161214,32.16981779,34.81346387,35.0,3,kawasaki,48:ee:0c:3b:ac:5a,2462,-75,Bezeq Free,62:ee:0c:3b:ac:5b,2462,-75,Candan,c0:ff:d4:7b:82:30,2412,-90
2017-12-01 10:59:35,PB2-690Y_S200032_161214,32.17074693,34.8126719,38.0,2,Motti11,a4:2b:b0:d4:55:36,2437,-82,motti-5ghz,a4:2b:b0:d4:55:38,5200,-88
2017-12-01 10:50:27,PB2-690Y_S200032_161214,32.17190615,34.81187369,37.0,1,Shani - Green,54:b8:0a:34:68:90,2437,-89
2017-12-01 10:49:08,NRD90M.G950FXXU1AQJ5,32.17218268216534,34.81446401702757,13.65040888895076,1,Efrat,40:65:a3:35:4c:c4,2412,-75
2017-12-01 10:59:59,PB2-690Y_S200032_161214,32.16907948,34.81188495,38.0,1,Candan,c0:ff:d4:7b:82:30,2412,-86
2017-12-01 10:50:56,NRD90M.G950FXXU1AQJ5,32.170053389171805,34.81099874038432,30.62659341727973,2,devolo-0f4,30:d3:2d:37:20:f4,2437,-80,HOTBOX-4D4E,00:78:9e:fb:1e:09,2412,-91
2017-12-01 10:50:29,NRD90M.G950FXXU1AQJ5,32.171728186062275,34.8118405837912,31.30445033277722,1,Ben Ami_2.4,c4:04:15:60:6a:b5,2462,-73
2017-12-01 10:59:44,NRD90M.G950FXXU1AQJ5,32.17009177038523,34.8123924291015,30.961174799733378,2,BezeqFree,5a:ab:1b:62:0d:fd,2417,-85,geller,00:78:9e:fa:3b:62,2462,-90
2017-12-01 10:55:47,NRD90M.G950FXXU1AQJ5,32.169212309411726,34.81068174685835,28.886321206805917,1,spielman,f4:f2:6d:34:56:54,2412,-77
2017-12-01 10:50:08,NRD90M.G950FXXU1AQJ5,32.17248382374769,34.812693847413286,31.655143780144986,1,NIPPON_3687,08:97:58:32:d2:98,2417,-88
01/12/2017 10:43,NRD90M.G950FXXU1AQJ5,32.17248344,34.81270507,27.12203841,2,ELDAD,10:0d:7f:80:17:80,2462,-78,Eldad_2EX,80:1f:02:e8:b9:cc,2462,-82
2017-12-01 11:01:26,NRD90M.G950FXXU1AQJ5,32.17229583572982,34.814265874458584,32.03668527946496,1,love,14:ae:db:58:73:75,2412,-58
01/12/2017 10:44,NRD90M.G950FXXU1AQJ5,32.17073022,34.81136052,28.85181056,1,home,00:13:d4:0f:f3:ba,2412,-77
2017-12-01 10:43:31,PB2-690Y_S200032_161214,32.17237425,34.81350895,46.0,1,lellouche,a4:2b:b0:ad:2d:34,2432,-93
2017-12-01 10:58:38,NRD90M.G950FXXU1AQJ5,32.17070417266147,34.81268528377859,29.694922823032826,2,Oded 2.4Ghz,00:12:2a:e1:6c:48,2462,-69,Oded 5Ghz,00:12:2a:e1:6c:4c,5240,-84
2017-12-01 10:44:59,PB2-690Y_S200032_161214,32.16872739,34.81060785,38.0,7,kaymeraQA,00:f6:63:15:58:80,2412,-82,simon,e4:6f:13:73:0a:c2,2447,-84,Candan,c0:ff:d4:7b:82:30,2412,-87,Vision Public,c0:4a:00:f7:00:c1,2457,-89,BARON WIFI 2.4,60:e3:27:bf:a1:a5,2462,-91,cactus,a0:4f:d4:42:ba:71,2412,-95,KaymeraGuest,cc:16:7e:97:1d:92,2412,-95
2017-12-01 10:50:12,PB2-690Y_S200032_161214,32.17253375,34.81242662,42.0,1,DIRECT-74-HP DeskJet 4670 series,3c:52:82:af:42:75,2412,-59
2017-12-01 11:01:19,PB2-690Y_S200032_161214,32.17235589,34.81368604,36.0,2,lellouche,a4:2b:b0:ad:2d:34,2432,-82,DIRECT-CC-HP DeskJet 4670 series,70:5a:0f:b2:64:cd,2437,-93
01/12/2017 10:46,NRD90M.G950FXXU1AQJ5,32.17232882,34.814012,28.28410709,1,DIR-825-4f83,80:26:89:0d:4f:84,2412,-88
2017-12-01 10:43:55,PB2-690Y_S200032_161214,32.17246746,34.81211077,51.0,2,DIR-825-4f83,80:26:89:0d:4f:84,2412,-77,Miller,00:78:9e:fa:0e:5c,2412,-94
2017-12-01 10:45:11,PB2-690Y_S200032_161214,32.16877222,34.81164041,36.0,5,LRWN,ec:8c:a2:08:a4:5c,5260,-69,Candan,c0:ff:d4:7b:82:30,2412,-88,simon,e4:6f:13:73:0a:c2,2447,-90,INGENEO,cc:b2:55:e8:4c:e6,2437,-91,Oberyn Martell,18:d6:c7:fb:1c:0e,2447,-95
2017-12-01 10:59:56,PB2-690Y_S200032_161214,32.16928044,34.81198781,37.0,1,Home,82:2a:a8:bf:94:29,2462,-70
2017-12-01 10:59:17,PB2-690Y_S200032_161214,32.17103853,34.81359455,43.0,1,Partner-4G-B6D4,a8:c8:3a:35:b6:d4,2412,-92
2017-12-01 10:58:14,NRD90M.G950FXXU1AQJ5,32.17081392063111,34.81363414318978,29.098105928258406,2,Beni,c4:12:f5:f4:82:42,2452,-82,HOTBOX,c0:ac:54:f7:42:60,2412,-90
2017-12-01 10:56:21,PB2-690Y_S200032_161214,32.16916884,34.81065234,31.0,1,Home,10:be:f5:40:26:82,2457,-89
2017-12-01 10:50:11,NRD90M.G950FXXU1AQJ5,32.1725225188478,34.81247911919242,31.65132309930995,2,NIPPON_3687,08:97:58:32:d2:98,2417,-80,Hotbox,00:78:9e:f9:e8:58,2462,-91
2017-12-01 10:44:19,PB2-690Y_S200032_161214,32.17106022,34.81151613,41.0,1,home,00:13:d4:0f:f3:ba,2412,-94
2017-12-01 10:57:55,PB2-690Y_S200032_161214,32.1696487,34.81343376,35.0,5,hilda,00:30:4f:91:38:b3,2437,-73,Bezeq Free 836CFE,52:0d:7f:83:6c:ff,2462,-90,NETGEAR_DGN2200,10:0d:7f:83:6c:fe,2462,-93,Ab,90:8d:78:54:d9:69,2457,-95,Candan,c0:ff:d4:7b:82:30,2412,-96
2017-12-01 10:49:42,PB2-690Y_S200032_161214,32.17227827,34.81413625,45.0,1,BezeqFree,62:ee:0c:3d:eb:b9,2452,-88
2017-12-01 10:45:53,PB2-690Y_S200032_161214,32.1712472,34.81289934,36.0,3,Candan,c0:ff:d4:7b:82:30,2412,-91,"  InnovationEndeavors",74:da:38:a9:1c:df,2417,-92,BezeqFree,06:ae:db:48:af:4d,2452,-93
2017-12-01 10:51:01,PB2-690Y_S200032_161214,32.16983611,34.81088834,28.0,3,oved-main_2EX,74:da:38:97:66:9d,2437,-77,HOTBOX12,a0:8e:78:7f:2a:69,2412,-87,bait,10:be:f5:3f:b2:ce,2457,-94
2017-12-01 11:00:34,PB2-690Y_S200032_161214,32.17010919,34.81240174,38.0,3,Siemens,d0:d4:12:5e:db:f2,2462,-82,BezeqFree,5a:ab:1b:62:0d:fd,2417,-82,HP-Print-8A-Deskjet 4640 series,8c:dc:d4:6a:a9:8a,2462,-84
2017-12-01 10:57:01,PB2-690Y_S200032_161214,32.16884222,34.8105797,31.0,1,DIRECT-a8-HP M477 LaserJet,aa:6b:ad:04:c6:a8,2412,-94
2017-12-01 10:51:10,PB2-690Y_S200032_161214,32.16948516,34.81076003,23.0,2,BezeqFree,62:ee:0c:39:f9:16,2432,-84,Ronizyc1,48:ee:0c:39:f9:15,2432,-85
2017-12-01 11:00:08,PB2-690Y_S200032_161214,32.16885362,34.81188449,36.0,1,LRWN,0c:f4:d5:29:a2:9c,5180,-72
2017-12-01 10:45:47,PB2-690Y_S200032_161214,32.17086052,34.8127604,41.0,4,Oded,14:cc:20:76:b8:2a,2462,-65,Oded 2.4Ghz,00:12:2a:e1:6c:48,2462,-82,HOTBOX-2017,c0:ac:54:f5:7d:bd,2462,-87,TP-LINK_76C08E,14:cc:20:76:c0:8e,2412,-93
2017-12-01 10:46:29,PB2-690Y_S200032_161214,32.17229561,34.81402472,40.0,3,Orit,c4:a8:1d:12:7d:4c,2437,-80,DIRECT-CC-HP DeskJet 4670 series,70:5a:0f:b2:64:cd,2437,-89,Lahav,08:3e:5d:5c:72:5e,2462,-94
2017-12-01 10:59:47,PB2-690Y_S200032_161214,32.16992123,34.81226934,40.0,1,landau,d4:7b:b0:79:65:fc,2462,-89
2017-12-01 10:45:38,PB2-690Y_S200032_161214,32.17031089,34.81250563,44.0,3,hot,00:1c:10:09:4f:bc,2422,-84,HOTBOX-62EF,d8:fb:5e:17:62:f5,2412,-85,geller,00:78:9e:fa:3b:62,2462,-90
2017-12-01 10:50:50,NRD90M.G950FXXU1AQJ5,32.1704220061369,34.811205413681165,30.648087593734658,1,Guymic,14:ae:db:b7:99:2d,2437,-78
01/12/2017 10:45,NRD90M.G950FXXU1AQJ5,32.168721,34.81072411,27.61844951,1,LRWN,0c:f4:d5:29:a2:9c,5180,-91
2017-12-01 10:51:31,PB2-690Y_S200032_161214,32.16937265,34.81071795,29.0,1,edimax_5G_A9241C,74:da:38:a9:24:1c,5200,-84
2017-12-01 10:51:08,NRD90M.G950FXXU1AQJ5,32.169491346626565,34.81077184677352,30.418708757918328,5,Lili,c4:12:f5:f9:5c:7c,2462,-86,Liliup,74:da:38:c3:12:45,2417,-88,ELCHARAR_2.4,20:0c:c8:0f:21:93,2412,-89,Alpha125,10:fe:ed:74:fc:46,2412,-90,Bezeq Free T00C36,5a:0c:c8:0f:21:90,2412,-92
2017-12-01 11:00:29,NRD90M.G950FXXU1AQJ5,32.169817000218366,34.81230905410695,29.98143136780164,1,landau,74:da:38:14:4b:88,2462,-86
2017-12-01 10:46:38,PB2-690Y_S200032_161214,32.1722525,34.81443463,40.0,1,love,14:ae:db:58:73:75,2412,-70
2017-12-01 10:46:32,PB2-690Y_S200032_161214,32.17226318,34.81420816,40.0,3,DIR-825-4f83,80:26:89:0d:4f:84,2412,-85,Mevohot_3,60:e3:27:e8:41:e8,2462,-93,Wifi,74:44:01:39:09:86,2462,-93
2017-12-01 10:51:56,NRD90M.G950FXXU1AQJ5,32.16935940800852,34.81072496254775,30.282964951541523,1,evanson,7c:03:4c:fe:f6:68,2412,-93
2017-12-01 10:55:50,NRD90M.G950FXXU1AQJ5,32.16917019230133,34.8106650271149,28.810367981340118,2,Jamcanup,74:da:38:c3:0d:6b,2417,-87,Jamcandown,74:da:38:b6:f6:c9,2427,-89
2017-12-01 10:57:04,PB2-690Y_S200032_161214,32.16876228,34.81066791,31.0,2,Levy,f8:ab:05:46:de:55,2457,-85,DIRECT-F4-HP DeskJet 3830 series,c8:d3:ff:57:60:f5,2412,-93
2017-12-01 11:01:26,PB2-690Y_S200032_161214,32.17227412,34.81420299,37.0,1,Orit,c4:a8:1d:12:7d:4c,2437,-66
2017-12-01 10:50:15,PB2-690Y_S200032_161214,32.17254538,34.81222007,42.0,2,NIPPON_3687,08:97:58:32:d2:98,2417,-79,Gil Kitchen,80:1f:02:a3:7d:62,2437,-87
2017-12-01 10:59:32,NRD90M.G950FXXU1AQJ5,32.17092410916535,34.81275918581424,29.998889595076953,2,claire,cc:b2:55:67:2b:85,2437,-90,Bezeq Free 672B84,62:b2:55:67:2b:86,2437,-92
2017-12-01 11:00:43,PB2-690Y_S200032_161214,32.17071158,34.81270666,38.0,1,TP-LINK_76C08E,14:cc:20:76:c0:8e,2412,-85
2017-12-01 10:46:14,PB2-690Y_S200032_161214,32.17240104,34.81314461,44.0,2,DIR-825-4f83,80:26:89:0d:4f:84,2412,-74,Miller,00:78:9e:fa:0e:5c,2412,-78
2017-12-01 10:59:11,PB2-690Y_S200032_161214,32.17065401,34.81360361,47.0,1,amnon,c0:ac:54:f8:6c:8a,2437,-78
2017-12-01 11:00:41,NRD90M.G950FXXU1AQJ5,32.170654027529686,34.81268553093009,29.21502010815968,2,UFI_UF230_B3F,00:0b:6c:4d:1b:3f,2437,-70,TUCHLER,00:26:5a:69:94:e3,2437,-90
2017-12-01 10:43:37,PB2-690Y_S200032_161214,32.17241727,34.81315388,44.0,3,DIR-825-4f83,80:26:89:0d:4f:84,2412,-73,sellahome_2EX,74:da:38:14:1f:8d,2452,-82,Mevohot_3,60:e3:27:e8:41:e8,2462,-86
01/12/2017 10:44,NRD90M.G950FXXU1AQJ5,32.16930329,34.81071393,27.82938003,1,edimax_2.4G_A92417,74:da:38:a9:24:17,2422,-75
2017-12-01 11:01:23,PB2-690Y_S200032_161214,32.17230215,34.81400233,37.0,2,sellahome,d8:fb:5e:17:47:f8,2452,-89,Ben-Eliyahu_PC,80:1f:02:d4:9a:92,2457,-92
2017-12-01 10:43:43,PB2-690Y_S200032_161214,32.17246651,34.81278713,48.0,2,ELDAD,10:0d:7f:80:17:80,2462,-73,BezeqFree,06:ae:db:c1:ad:7d,2412,-87
2017-12-01 10:52:43,PB2-690Y_S200032_161214,32.16938116,34.81071282,32.0,1,edimax_5G_A9241C,74:da:38:a9:24:1c,5200,-79
2017-12-01 10:59:44,PB2-690Y_S200032_161214,32.17013195,34.81237323,40.0,3,SIEMENS_LivingRoom,d4:6e:0e:3c:44:e1,2412,-77,hot,00:14:bf:42:7e:96,2452,-83,hot,18:d6:c7:97:bd:2a,2462,-86
2017-12-01 10:59:14,NRD90M.G950FXXU1AQJ5,32.17094894909989,34.81367243117691,29.871227188060253,3,Beni,c4:12:f5:f4:82:42,2452,-71,HOTBOX,c0:ac:54:f7:42:60,2412,-84,Baruch_2.4,10:5a:f7:08:27:71,2437,-90
2017-12-01 10:46:05,PB2-690Y_S200032_161214,32.17201156,34.81299553,38.0,2,Oded 5Ghz,00:12:2a:e1:6c:4c,5240,-82,Motti11,a4:2b:b0:d4:55:36,2437,-96
2017-12-01 10:45:26,PB2-690Y_S200032_161214,32.16958729,34.81218021,40.0,2,nina,20:0c:c8:2b:2a:14,2462,-73,Nehalem_ISR,08:ea:44:74:4b:d5,2412,-92
2017-12-01 10:58:32,NRD90M.G950FXXU1AQJ5,32.17104344764023,34.812838021973164,29.194668220647973,2,DIR-825-4f83,80:26:89:0d:4f:84,2412,-86,Oded 5Ghz,00:12:2a:e1:6c:4c,5240,-90
2017-12-01 10:44:01,PB2-690Y_S200032_161214,32.17212193,34.81196568,47.0,5,U2I8L1M0X42,7c:b7:33:97:35:f1,2412,-73,varda,c4:12:f5:85:27:c2,2412,-90,KaymeraDev,00:f6:63:15:58:81,2412,-93,Ben Ami_2.4,c4:04:15:60:6a:b5,2462,-93,KaymeraGuest,00:f6:63:15:58:82,2412,-93
01/12/2017 10:45,NRD90M.G950FXXU1AQJ5,32.17075993,34.81269651,25.95824107,1,Oded 2.4Ghz,00:12:2a:e1:6c:48,2462,-83
2017-12-01 10:58:41,PB2-690Y_S200032_161214,32.17057552,34.81258739,41.0,1,UFI_UF230_B3F,00:0b:6c:4d:1b:3f,2437,-75
2017-12-01 10:51:11,NRD90M.G950FXXU1AQJ5,32.16939849690679,34.81074036189685,30.417555185780614,1,dlink-A09C,ac:f1:df:76:a0:9c,2462,-91
2017-12-01 10:57:56,NRD90M.G950FXXU1AQJ5,32.1697212488476,34.81347187978352,27.703358675305417,1,Candan,c0:ff:d4:7b:82:30,2412,-89
01/12/2017 10:45,NRD90M.G950FXXU1AQJ5,32.16954583,34.81214324,26.83442376,1,nina,20:0c:c8:2b:2a:14,2462,-68
2017-12-01 11:00:49,PB2-690Y_S200032_161214,32.17100176,34.81280707,37.0,1,Motti11,a4:2b:b0:d4:55:36,2437,-74
2017-12-01 10:56:58,PB2-690Y_S200032_161214,32.1689281,34.81057719,30.0,1,simon,e4:6f:13:73:0a:c2,2447,-90
2017-12-01 10:50:00,PB2-690Y_S200032_161214,32.1724094,34.81316731,41.0,4,DIR-825-4f83,80:26:89:0d:4f:84,2412,-71,BezeqFree,06:ae:db:ba:1e:85,2462,-76,GuyHila,14:ae:db:ba:1e:85,2462,-76,Mevohot_3,60:e3:27:e8:41:e8,2462,-80
2017-12-01 10:45:50,PB2-690Y_S200032_161214,32.17105914,34.81284875,39.0,4,HOTBOX-2017,c0:ac:54:f5:7d:bd,2462,-78,HP-Print-AF-Officejet Pro 6830,28:80:23:40:5f:af,2437,-81,TP-LINK_76C08E,14:cc:20:76:c0:8e,2412,-86,sirocco_2.4o,c4:e9:84:83:1a:0a,2462,-91
01/12/2017 10:46,NRD90M.G950FXXU1AQJ5,32.17215247,34.81301798,26.28978506,1,Oded 5Ghz,00:12:2a:e1:6c:4c,5240,-89
2017-12-01 10:50:18,PB2-690Y_S200032_161214,32.17242642,34.81207339,43.0,1,urigil1,a0:ab:1b:5d:c2:60,2457,-97
01/12/2017 10:46,NRD90M.G950FXXU1AQJ5,32.17198535,34.81299604,26.59308527,1,SHAHAF2.4,20:0c:c8:0a:ef:2a,2462,-82
2017-12-01 11:00:59,NRD90M.G950FXXU1AQJ5,32.17178366806458,34.812966284830594,29.955616590355632,2,Oded 5Ghz,00:12:2a:e1:6c:4c,5240,-89,Oded 2.4Ghz,00:12:2a:e1:6c:48,2462,-89
2017-12-01 10:49:47,NRD90M.G950FXXU1AQJ5,32.17230733807558,34.81387685906902,30.93962047051264,1,Orit,c4:a8:1d:12:7d:4c,2437,-69
2017-12-01 10:49:44,NRD90M.G950FXXU1AQJ5,32.17228483399432,34.814036899369874,30.59005383029067,1,Chakir,00:12:2a:35:c8:7c,2412,-86
2017-12-01 10:43:34,PB2-690Y_S200032_161214,32.17238884,34.81333642,45.0,1,Mevohot_1,20:0c:c8:1b:a2:48,2437,-95
2017-12-01 10:54:11,NRD90M.G950FXXU1AQJ5,32.16935940800852,34.81072496254775,29.378351155752636,1,evanson,7c:03:4c:fe:f6:68,2412,-80
2017-12-01 10:56:55,NRD90M.G950FXXU1AQJ5,32.169012321650136,34.810619520712386,28.06850525498688,1,HP-Print-C1-Deskjet 4640 series,28:80:23:f6:e0:c1,2462,-81
2017-12-01 10:59:50,PB2-690Y_S200032_161214,32.16969314,34.81217399,40.0,2,DIRECT-1C-HP DeskJet 3830 series,94:57:a5:4b:4f:41,2437,-77,BezeqFree,06:ae:db:48:af:4d,2452,-90
01/12/2017 10:43,NRD90M.G950FXXU1AQJ5,32.17240151,34.81209188,29.03570911,2,urigil1,a0:ab:1b:5d:c2:60,2457,-90,INGENEO,cc:b2:55:e8:4c:e6,2437,-91
2017-12-01 10:58:14,PB2-690Y_S200032_161214,32.17076265,34.81362514,40.0,2,HOTBOX,c0:ac:54:f7:42:60,2412,-82,Beni,c4:12:f5:f4:82:42,2452,-88
01/12/2017 10:44,NRD90M.G950FXXU1AQJ5,32.17094199,34.81148871,29.24753475,2,home,00:13:d4:0f:f3:ba,2412,-83,TP-LINK_2C3A,84:16:f9:d7:2c:3a,2412,-90
2017-12-01 10:59:53,NRD90M.G950FXXU1AQJ5,32.169423702689954,34.81210224701049,30.46032095326754,2,UFI_UF230_B3F,00:0b:6c:4d:1b:3f,2437,-88,hot,00:1c:10:09:4f:bc,2422,-90
01/12/2017 10:45,NRD90M.G950FXXU1AQJ5,32.1688461,34.81178747,28.29109854,4,LRWN,ec:8c:a2:09:dd:4c,5220,-70,LRWN,0c:f4:d5:29:a2:9c,5180,-76,HOTFiber-400D,40:65:a3:2b:62:22,2437,-88,HOTFiber-400D,40:65:a3:2b:62:0e,2437,-89
2017-12-01 10:50:38,NRD90M.G950FXXU1AQJ5,32.17117720998362,34.811600945951724,30.92205515278031,1,mika1,c4:12:f5:fb:c0:3e,2412,-77
2017-12-01 11:01:20,NRD90M.G950FXXU1AQJ5,32.172359339129684,34.81383247774181,31.35812286745131,2,Bezeq Free GA32E3,52:b0:ce:ac:32:98,2412,-67,Lahav,08:3e:5d:5c:72:5e,2462,-83
2017-12-01 10:55:46,PB2-690Y_S200032_161214,32.16923806,34.81066982,25.0,1,Home,34:36:3b:c2:be:b8,2462,-91
2017-12-01 11:01:05,NRD90M.G950FXXU1AQJ5,32.17221891605429,34.813008839731566,30.49784498151697,1,DIR-825-4f83,80:26:89:0d:4f:84,2412,-78
2017-12-01 10:43:40,PB2-690Y_S200032_161214,32.17243758,34.81296682,47.0,6,BezeqFree,06:ae:db:ba:1e:85,2462,-81,sellahome,d8:fb:5e:17:47:f8,2452,-83,shweiger1,14:ae:db:c1:ad:7d,2412,-84,ELDAD,10:0d:7f:80:17:80,2462,-87,Lahav,08:3e:5d:5c:72:5e,2462,-89,Orit,c4:a8:1d:12:7d:4c,2437,-91
2017-12-01 10:45:35,PB2-690Y_S200032_161214,32.17012573,34.81242227,44.0,5,ter123,70:4d:7b:0c:89:50,2437,-82,arama,80:1f:02:36:04:d0,2462,-84,HP-Print-8A-Deskjet 4640 series,8c:dc:d4:6a:a9:8a,2462,-89,HOTBOX-62EF,d8:fb:5e:17:62:f5,2412,-93,Florida_Israel1,48:ee:0c:3b:fa:1e,2412,-94
01/12/2017 10:45,NRD90M.G950FXXU1AQJ5,32.17002447,34.81235938,26.27907549,3,UFI_UF230_B3F,00:0b:6c:4d:1b:3f,2437,-83,HP-Print-8A-Deskjet 4640 series,8c:dc:d4:6a:a9:8a,2462,-89,landau,d4:7b:b0:79:65:fc,2462,-92
2017-12-01 10:59:23,PB2-690Y_S200032_161214,32.17109229,34.81313135,41.0,1,tal2,90:8d:78:54:22:a1,5300,-78
2017-12-01 10:46:11,PB2-690Y_S200032_161214,32.1723264,34.81305758,43.0,1,Oded 2.4Ghz,00:12:2a:e1:6c:48,2462,-84
2017-12-01 10:45:59,PB2-690Y_S200032_161214,32.17164516,34.81296105,38.0,1,UFI_UF230_B3F,00:0b:6c:4d:1b:3f,2437,-92
2017-12-01 10:59:50,NRD90M.G950FXXU1AQJ5,32.16964553962474,34.812198841457004,30.62408958535301,2,nina,20:0c:c8:2b:2a:14,2462,-76,DIRECT-1C-HP DeskJet 3830 series,94:57:a5:4b:4f:41,2437,-85
2017-12-01 10:45:29,PB2-690Y_S200032_161214,32.16977119,34.81225463,40.0,2,mazia,14:ae:db:b2:5f:05,2412,-87,arama,80:1f:02:36:04:d0,2462,-90
2017-12-01 10:58:35,PB2-690Y_S200032_161214,32.17091306,34.81276023,40.0,5,HP-Print-AF-Officejet Pro 6830,28:80:23:40:5f:af,2437,-78,Oded 2.4Ghz,00:12:2a:e1:6c:48,2462,-79,Oded,14:cc:20:76:b8:2a,2462,-81,Oded 5Ghz,00:12:2a:e1:6c:4c,5240,-84,Motti11,a4:2b:b0:d4:55:36,2437,-87
01/12/2017 10:44,NRD90M.G950FXXU1AQJ5,32.1714943,34.81175786,29.89026029,1,varda,c4:12:f5:85:27:c2,2412,-87
2017-12-01 10:50:48,PB2-690Y_S200032_161214,32.17062149,34.81126162,29.0,1,shlomi,d8:5d:4c:d9:c4:68,2412,-82
2017-12-01 10:58:11,NRD90M.G950FXXU1AQJ5,32.17061830172761,34.813595071211296,29.523181901977164,4,amnon,c0:ac:54:f8:6c:8a,2437,-85,Is,16:0c:c3:ee:27:39,2437,-88,My_Internet,fc:75:16:2e:5a:47,2457,-90,Beni,c4:12:f5:f4:82:42,2452,-91
2017-12-01 11:01:11,NRD90M.G950FXXU1AQJ5,32.17246213445027,34.81314408162315,30.730460765215987,1,DIR-825-4f83,80:26:89:0d:4f:84,2412,-70
2017-12-01 10:44:28,PB2-690Y_S200032_161214,32.1706109,34.81125793,39.0,2,Guymic,14:ae:db:b7:99:2d,2437,-88,HOTFiber-A53E,7c:b7:33:a1:7e:98,2437,-90
2017-12-01 10:58:11,PB2-690Y_S200032_161214,32.17057165,34.81358945,39.0,4,HOTBOX-F028,18:1e:78:86:03:15,2412,-61,amnon,c0:ac:54:f8:6c:8a,2437,-87,yotam17,b0:b2:8f:36:a2:b3,2457,-91,Motti11,a4:2b:b0:d4:55:36,2437,-93
2017-12-01 10:51:02,NRD90M.G950FXXU1AQJ5,32.169728418133815,34.810858045280845,30.475360437267003,1,oved-main,74:da:39:54:b8:1d,2437,-83
2017-12-01 11:01:04,PB2-690Y_S200032_161214,32.17207279,34.81300217,38.0,1,DIR-825-4f83,80:26:89:0d:4f:84,2412,-84
2017-12-01 10:43:58,PB2-690Y_S200032_161214,32.17230828,34.81204165,48.0,1,Gil-Up,50:c7:bf:36:df:98,2417,-89
2017-12-01 10:54:23,NRD90M.G950FXXU1AQJ5,32.16935940800852,34.81072496254775,29.326111975136897,1,BezeqNGN_001489_2.4GHz_1,c0:a0:bb:cb:59:5b,2412,-68
2017-12-01 11:00:25,PB2-690Y_S200032_161214,32.16942426,34.81209986,36.0,1,Home,82:2a:a8:bf:93:e5,2412,-85
2017-12-01 10:57:53,NRD90M.G950FXXU1AQJ5,32.1695720901851,34.813408321637986,27.26150168083893,2,hilda,00:30:4f:91:36:07,2437,-71,DIRECT-29-HP OfficeJet Pro 8710,ec:8e:b5:05:57:19,2437,-91
2017-12-01 10:58:47,NRD90M.G950FXXU1AQJ5,32.17028599663912,34.812613739872425,28.98665425276264,1,SIEMENS_LivingRoom,d4:6e:0e:3c:44:e1,2412,-83
2017-12-01 10:57:50,NRD90M.G950FXXU1AQJ5,32.16955478439471,34.81323889640528,27.210830449251343,1,nina,20:0c:c8:2b:2a:14,2462,-91
2017-12-01 10:50:06,PB2-690Y_S200032_161214,32.17246049,34.81286197,42.0,1,DIRECT-CC-HP DeskJet 4670 series,70:5a:0f:b2:64:cd,2437,-80
2017-12-01 10:57:05,NRD90M.G950FXXU1AQJ5,32.168750227662805,34.81078259065756,27.14415548219039,1,LRWN,ec:8c:a2:09:dd:48,2462,-91
2017-12-01 10:57:19,NRD90M.G950FXXU1AQJ5,32.16889805537721,34.81183319930766,27.057519941460445,2,LRWN,0c:f4:d5:29:a2:9c,5180,-68,Talfamily,e0:ce:c3:86:a7:9e,2412,-80
2017-12-01 10:50:09,PB2-690Y_S200032_161214,32.17250306,34.81263803,42.0,2,DIRECT-CC-HP DeskJet 4670 series,70:5a:0f:b2:64:cd,2437,-75,BS-WIFI-4EVER,fc:75:16:55:27:fa,2437,-94
01/12/2017 10:44,NRD90M.G950FXXU1AQJ5,32.16984101,34.81092359,28.20187075,2,HP-Print-20-Deskjet 4640 series,fc:15:b4:65:09:20,2412,-87,HOTBOX-2E6E,c0:ac:54:f7:27:42,2462,-89
2017-12-01 10:57:29,NRD90M.G950FXXU1AQJ5,32.16943682725201,34.81208525807686,27.286889233099085,2,ELCHARAR_2.4,20:0c:c8:0f:21:93,2412,-90,Bezeq Free T00C36,5a:0c:c8:0f:21:90,2412,-90
2017-12-01 10:46:23,PB2-690Y_S200032_161214,32.17232792,34.81365654,42.0,1,dobry2016_5,6c:b0:ce:ac:32:9c,5300,-89
2017-12-01 10:52:13,PB2-690Y_S200032_161214,32.16936666,34.81070436,31.0,1,forestisthebest-guest,c8:d7:19:d4:7c:75,2437,-94
2017-12-01 11:00:47,NRD90M.G950FXXU1AQJ5,32.17095455549593,34.81282029540289,29.011697047706974,1,HP-Print-AF-Officejet Pro 6830,28:80:23:40:5f:af,2437,-70
2017-12-01 10:46:20,PB2-690Y_S200032_161214,32.17237484,34.81345105,41.0,1,HOTBOX-1A14,00:07:26:4f:07:ae,2437,-91
2017-12-01 10:55:56,NRD90M.G950FXXU1AQJ5,32.16917019230133,34.8106650271149,28.77355504306178,2,edimax_2.4G_ruty,74:da:38:d3:bb:81,2417,-80,HP-Print-C1-Deskjet 4640 series,28:80:23:f6:e0:c1,2462,-86
2017-12-01 10:50:35,NRD90M.G950FXXU1AQJ5,32.17135803478369,34.81168874408503,31.090525572576986,1,ronkla2_5,3c:1e:04:07:2a:ff,5240,-85
01/12/2017 10:45,NRD90M.G950FXXU1AQJ5,32.17050973,34.8125819,26.06642314,1,UFI_UF230_B3F,00:0b:6c:4d:1b:3f,2437,-70
01/12/2017 10:44,NRD90M.G950FXXU1AQJ5,32.17005047,34.81100762,28.28929069,1,Neeman2.4_5,20:0c:c8:1d:c8:2c,5300,-89
2017-12-01 10:57:11,NRD90M.G950FXXU1AQJ5,32.16875525343879,34.81129910090613,26.895184619901016,1,HOTBOX111,c0:ac:54:f6:ae:5e,2462,-77
2017-12-01 11:00:44,NRD90M.G950FXXU1AQJ5,32.17081209129427,34.812767664505046,28.924403723449103,1,Laufer-wifi,4c:60:de:51:8b:ca,2462,-89
2017-12-01 10:51:04,PB2-690Y_S200032_161214,32.16970224,34.81083489,27.0,1,Li,c0:ac:54:f8:6b:28,2412,-80
2017-12-01 10:44:31,PB2-690Y_S200032_161214,32.17044716,34.81116946,39.0,3,HOTFiber-A53E,7c:b7:33:a1:7e:98,2437,-79,Guymic,14:ae:db:b7:99:2d,2437,-81,RDK,58:b6:33:34:81:a8,2412,-92
2017-12-01 10:44:10,PB2-690Y_S200032_161214,32.17151458,34.81172206,43.0,1,Gil Kitchen,80:1f:02:a3:7d:62,2437,-96
2017-12-01 10:59:56,NRD90M.G950FXXU1AQJ5,32.16921657591955,34.8119993015223,30.246080183177583,2,WR,00:30:4f:82:7b:30,2462,-89,klaiman,a0:ab:1b:62:0d:fc,2417,-90
2017-12-01 10:59:05,NRD90M.G950FXXU1AQJ5,32.170307583918806,34.81358034712056,29.23477071711897,1,Daizad,e8:cc:18:ac:1a:52,2442,-81
2017-12-01 10:58:50,NRD90M.G950FXXU1AQJ5,32.17026748685567,34.81278321992516,29.0136877102822,2,frank,e8:94:f6:e2:6e:4b,2437,-71,TP-LINK_E3CA,84:16:f9:e4:e3:ca,2452,-80
2017-12-01 11:00:52,PB2-690Y_S200032_161214,32.17119137,34.81287892,38.0,1,Siemens,d0:d4:12:5e:db:f2,2462,-93
01/12/2017 10:45,NRD90M.G950FXXU1AQJ5,32.17100836,34.81281338,25.58060872,1,Oded 5Ghz,00:12:2a:e1:6c:4c,5240,-84
2017-12-01 10:49:56,NRD90M.G950FXXU1AQJ5,32.172382685741084,34.81336124587249,31.34185373223523,1,Mevohot_1,20:0c:c8:1b:a2:48,2437,-70
2017-12-01 10:57:37,PB2-690Y_S200032_161214,32.16960197,34.81229045,33.0,3,nina,20:0c:c8:2b:2a:14,2462,-67,arama,80:1f:02:36:04:d0,2462,-76,"  InnovationEndeavors",74:da:38:a9:1c:df,2417,-89
2017-12-01 10:56:58,NRD90M.G950FXXU1AQJ5,32.168881406149175,34.81057058716543,27.5643827071327,1,iFOREX,f8:d1:11:b1:92:93,2437,-91
2017-12-01 10:50:58,PB2-690Y_S200032_161214,32.1699948,34.81094348,29.0,2,Eric 2.4,c4:a8:1d:13:2a:95,2412,-87,"  InnovationEndeavors",74:da:38:a9:1c:df,2417,-89
2017-12-01 10:49:14,NRD90M.G950FXXU1AQJ5,32.172209259560766,34.814448298318844,15.376435938028056,1,Volvo247,08:97:58:32:69:c6,2427,-81
2017-12-01 10:45:23,PB2-690Y_S200032_161214,32.16940316,34.81209444,40.0,3,Einav_1,00:26:5a:10:b7:0a,2437,-82,RS_GUEST,e4:6f:13:71:f5:ce,2452,-92,nina,20:0c:c8:2b:2a:14,2462,-92
2017-12-01 10:58:26,PB2-690Y_S200032_161214,32.17108533,34.81312098,40.0,5,nurit,a0:4f:d4:45:1f:a1,2412,-74,yotam17,f8:ab:05:e9:6d:3d,2457,-75,tal,90:8d:78:54:22:a2,2412,-81,tal2,90:8d:78:54:22:a1,5300,-86,sirocco_2.4o,14:cc:20:09:3c:b9,2462,-93
2017-12-01 11:00:40,PB2-690Y_S200032_161214,32.17053537,34.81259485,37.0,1,Gillad-1_2.4,c4:04:15:64:e8:cc,2462,-77
01/12/2017 10:43,NRD90M.G950FXXU1AQJ5,32.17238059,34.81341291,25.13092549,1,dobry2016,6c:b0:ce:ac:32:9b,2412,-69
2017-12-01 10:57:23,NRD90M.G950FXXU1AQJ5,32.16909112707448,34.81193255078027,27.16529272330712,1,HOTBOX-8156,b4:ee:b4:a7:81:5c,2412,-89
2017-12-01 10:49:51,PB2-690Y_S200032_161214,32.17234589,34.81367079,44.0,1,Lahav,b0:b2:8f:01:ad:fe,2462,-73
2017-12-01 10:59:08,NRD90M.G950FXXU1AQJ5,32.17050412989869,34.813608312741444,29.49532062714165,1,yotam17,b0:b2:8f:36:a2:b3,2457,-91
2017-12-01 10:43:46,PB2-690Y_S200032_161214,32.1724962,34.81260015,47.0,2,Eldad_2EX,80:1f:02:e8:b9:cc,2462,-81,HOTBOX1234,30:b5:c2:6e:12:d4,2412,-88
2017-12-01 10:57:43,PB2-690Y_S200032_161214,32.16957574,34.81265851,32.0,2,arama,80:1f:02:36:04:d0,2462,-67,HOTFiber arama,e0:ce:c3:23:12:30,2412,-76
2017-12-01 10:56:54,PB2-690Y_S200032_161214,32.16907372,34.81062139,31.0,1,Oberyn Martell,18:d6:c7:fb:1c:0e,2447,-89
2017-12-01 11:00:26,NRD90M.G950FXXU1AQJ5,32.16956688989755,34.812206661227876,29.984707511555015,1,nina,20:0c:c8:2b:2a:14,2462,-71
2017-12-01 10:46:08,PB2-690Y_S200032_161214,32.17218423,34.81302496,39.0,3,Oded,14:cc:20:76:b8:2a,2462,-92,HP-Print-AF-Officejet Pro 6830,28:80:23:40:5f:af,2437,-94,TP-LINK_76C08E,14:cc:20:76:c0:8e,2412,-94
2017-12-01 10:58:17,PB2-690Y_S200032_161214,32.17094133,34.81363121,41.0,2,Beni,c4:12:f5:f4:82:42,2452,-80,HOTBOX111,c0:ac:54:f7:3c:c2,2412,-89
2017-12-01 10:58:02,NRD90M.G950FXXU1AQJ5,32.17010132675571,34.813514176763185,29.07004588283799,3,dlink,00:24:01:18:99:57,2437,-67,orange,00:21:04:e7:95:da,2412,-90,Bezeq Free,62:19:8f:46:9f:bf,2437,-94
